#
# There is insufficient memory for the Java Runtime Environment to continue.
# Native memory allocation (malloc) failed to allocate 1165056 bytes for Chunk::new
# Possible reasons:
#   The system is out of physical RAM or swap space
#   The process is running with CompressedOops enabled, and the Java Heap may be blocking the growth of the native heap
# Possible solutions:
#   Reduce memory load on the system
#   Increase physical memory or swap space
#   Check if swap backing store is full
#   Decrease Java heap size (-Xmx/-Xms)
#   Decrease number of Java threads
#   Decrease Java thread stack sizes (-Xss)
#   Set larger code cache with -XX:ReservedCodeCacheSize=
#   JVM is running with Unscaled Compressed Oops mode in which the Java heap is
#     placed in the first 4GB address space. The Java Heap base address is the
#     maximum limit for the native heap growth. Please use -XX:HeapBaseMinAddress
#     to set the Java Heap base and to place the Java Heap above 4GB virtual address.
# This output file may be truncated or incomplete.
#
#  Out of Memory Error (arena.cpp:189), pid=41600, tid=34200
#
# JRE version: Java(TM) SE Runtime Environment (17.0.14+8) (build 17.0.14+8-LTS-191)
# Java VM: Java HotSpot(TM) 64-Bit Server VM (17.0.14+8-LTS-191, mixed mode, sharing, tiered, compressed oops, compressed class ptrs, g1 gc, windows-amd64)
# No core dump will be written. Minidumps are not enabled by default on client versions of Windows
#

---------------  S U M M A R Y ------------

Command Line: --add-opens=java.base/java.util=ALL-UNNAMED --add-opens=java.base/java.lang=ALL-UNNAMED --add-opens=java.base/java.lang.invoke=ALL-UNNAMED --add-opens=java.base/java.util=ALL-UNNAMED --add-opens=java.prefs/java.util.prefs=ALL-UNNAMED --add-opens=java.prefs/java.util.prefs=ALL-UNNAMED --add-opens=java.base/java.nio.charset=ALL-UNNAMED --add-opens=java.base/java.net=ALL-UNNAMED --add-opens=java.base/java.util.concurrent.atomic=ALL-UNNAMED -Xmx2048m -Dfile.encoding=UTF-8 -Duser.country=US -Duser.language=en -Duser.variant org.gradle.launcher.daemon.bootstrap.GradleDaemon 7.4

Host: 11th Gen Intel(R) Core(TM) i7-11800H @ 2.30GHz, 16 cores, 15G,  Windows 11 , 64 bit Build 26100 (10.0.26100.8328)
Time: Sun May 17 06:08:21 2026 SE Asia Standard Time elapsed time: 158.453813 seconds (0d 0h 2m 38s)

---------------  T H R E A D  ---------------

Current thread (0x0000027ae5a7ae80):  JavaThread "C2 CompilerThread0" daemon [_thread_in_native, id=34200, stack(0x0000009e19b00000,0x0000009e19c00000)]


Current CompileTask:
C2: 158454 14668       4       org.gradle.api.internal.artifacts.ModuleComponentSelectorSerializer::read (50 bytes)

Stack: [0x0000009e19b00000,0x0000009e19c00000]
Native frames: (J=compiled Java code, j=interpreted, Vv=VM code, C=native code)
V  [jvm.dll+0x67a38a]
V  [jvm.dll+0x7da7ed]
V  [jvm.dll+0x7dc133]
V  [jvm.dll+0x7dc7a3]
V  [jvm.dll+0x24517f]
V  [jvm.dll+0xab773]
V  [jvm.dll+0xabd3c]
V  [jvm.dll+0x2aa61f]
V  [jvm.dll+0x582209]
V  [jvm.dll+0x21f522]
V  [jvm.dll+0x21f91f]
V  [jvm.dll+0x218ba0]
V  [jvm.dll+0x215c65]
V  [jvm.dll+0x1a2950]
V  [jvm.dll+0x22620b]
V  [jvm.dll+0x2243ab]
V  [jvm.dll+0x790bbc]
V  [jvm.dll+0x78b04a]
V  [jvm.dll+0x679275]
C  [ucrtbase.dll+0x37b0]
C  [KERNEL32.DLL+0x2e957]
C  [ntdll.dll+0x427c]


---------------  P R O C E S S  ---------------

Threads class SMR info:
_java_thread_list=0x0000027aec63b880, length=217, elements={
0x0000027ac6d1ea70, 0x0000027ae5a4fa00, 0x0000027ae5a505a0, 0x0000027ae5a68710,
0x0000027ae5a690b0, 0x0000027ae5a6a900, 0x0000027ae5a69ee0, 0x0000027ae5a7ae80,
0x0000027ae5a7d850, 0x0000027ae5a6bd40, 0x0000027ae5a6d180, 0x0000027ae5a699d0,
0x0000027ae5a6ae10, 0x0000027ae5a6b320, 0x0000027ae5a6b830, 0x0000027ae5a6cc70,
0x0000027aeacfbf80, 0x0000027aeacfdde0, 0x0000027aeacfd3c0, 0x0000027aeacfb050,
0x0000027aeacfba70, 0x0000027aeacffc40, 0x0000027aead00150, 0x0000027aeacff730,
0x0000027aead00b70, 0x0000027aec3a70e0, 0x0000027aec3a9e70, 0x0000027aec3a9960,
0x0000027aec3a66c0, 0x0000027aec3aada0, 0x0000027aec3abcd0, 0x0000027aec3a8f40,
0x0000027aec3ad110, 0x0000027aec3ae040, 0x0000027aec3adb30, 0x0000027aec3acc00,
0x0000027aec3ad620, 0x0000027aec3ab7c0, 0x0000027ae5a6a3f0, 0x0000027aefaed940,
0x0000027aed02d590, 0x0000027af02feed0, 0x0000027aec156400, 0x0000027aec446080,
0x0000027aedb894c0, 0x0000027aedb899d0, 0x0000027aedb86c40, 0x0000027aedb89ee0,
0x0000027aedb87150, 0x0000027aedb88fb0, 0x0000027aedb87b70, 0x0000027aedb88080,
0x0000027aedb88aa0, 0x0000027aeab2a0b0, 0x0000027aeab2a600, 0x0000027aeab2b0a0,
0x0000027aed7f1b00, 0x0000027aedb88590, 0x0000027aedb86730, 0x0000027aec593530,
0x0000027aec591be0, 0x0000027aec5907a0, 0x0000027aec58fd80, 0x0000027aec590290,
0x0000027aec590cb0, 0x0000027aec5911c0, 0x0000027aec593020, 0x0000027aec5916d0,
0x0000027aec592b10, 0x0000027aec5920f0, 0x0000027aec592600, 0x0000027aef87f0c0,
0x0000027aef881e50, 0x0000027aef881940, 0x0000027aef880a10, 0x0000027aef87ebb0,
0x0000027aef881430, 0x0000027aef87f5d0, 0x0000027aef87fae0, 0x0000027aec1523e0,
0x0000027aec1519c0, 0x0000027ae4e87bb0, 0x0000027ae4e89500, 0x0000027ae4e885d0,
0x0000027ae4e88ae0, 0x0000027ae4e88ff0, 0x0000027af21b5a00, 0x0000027af21b40b0,
0x0000027af21b5f10, 0x0000027af21b45c0, 0x0000027af21b6420, 0x0000027af21b6930,
0x0000027af21b54f0, 0x0000027af21b6e40, 0x0000027af21b7350, 0x0000027af21b4fe0,
0x0000027af1429540, 0x0000027af1429a50, 0x0000027af1429f60, 0x0000027aebdb4c70,
0x0000027aebdb6fe0, 0x0000027aebdb65c0, 0x0000027aebdb6ad0, 0x0000027aebdb5690,
0x0000027aebdb5180, 0x0000027aebdb5ba0, 0x0000027aebdb60b0, 0x0000027aebdb74f0,
0x0000027aebdb7a00, 0x0000027aebdb4250, 0x0000027af1d352f0, 0x0000027af1d35800,
0x0000027af1d36c40, 0x0000027af1d35d10, 0x0000027af1d36730, 0x0000027af0852920,
0x0000027af0853850, 0x0000027af1e18190, 0x0000027aec1528f0, 0x0000027aec150fa0,
0x0000027aebdb4760, 0x0000027aeb087770, 0x0000027aec1514b0, 0x0000027aec151ed0,
0x0000027aeeedd480, 0x0000027aeeedd990, 0x0000027aeeededd0, 0x0000027aeeeddea0,
0x0000027aeeede3b0, 0x0000027aeeede8c0, 0x0000027aee2b2290, 0x0000027aee2b27a0,
0x0000027aee2b0e50, 0x0000027aee2b1360, 0x0000027aee2b1870, 0x0000027aee2b1d80,
0x0000027aee1bca80, 0x0000027aee1bd4a0, 0x0000027aee1bc060, 0x0000027aee1bcf90,
0x0000027aeb085e20, 0x0000027aeb086840, 0x0000027aeb086330, 0x0000027aeb086d50,
0x0000027aeb087260, 0x0000027af10992d0, 0x0000027af10988b0, 0x0000027af1096f60,
0x0000027af1097470, 0x0000027af1097980, 0x0000027af1095b20, 0x0000027aee1bd9b0,
0x0000027aee8fffa0, 0x0000027aee8fd720, 0x0000027aee8fe650, 0x0000027aee8fd210,
0x0000027aee8feb60, 0x0000027af1e190c0, 0x0000027af1e195d0, 0x0000027af1e19ae0,
0x0000027af1e17c80, 0x0000027af1e186a0, 0x0000027af1e19ff0, 0x0000027af1e1a500,
0x0000027af1e1aa10, 0x0000027af1e18bb0, 0x0000027af1e1af20, 0x0000027af1e1b430,
0x0000027aec5c0690, 0x0000027aec5bd900, 0x0000027aec5c0ba0, 0x0000027aec6652d0,
0x0000027aec665cf0, 0x0000027aec6643a0, 0x0000027aec6648b0, 0x0000027aec664dc0,
0x0000027aec6657e0, 0x0000027af12da690, 0x0000027af12db0b0, 0x0000027af12d9c70,
0x0000027af12dca00, 0x0000027af12da180, 0x0000027af12d9760, 0x0000027af12daba0,
0x0000027af12dcf10, 0x0000027af12db5c0, 0x0000027af12dbad0, 0x0000027af12dbfe0,
0x0000027af12dc4f0, 0x0000027aebe3ef70, 0x0000027aebe3e550, 0x0000027aebe3e040,
0x0000027aebe3fea0, 0x0000027aebe3ea60, 0x0000027aebe408c0, 0x0000027aebe403b0,
0x0000027aebe3f480, 0x0000027aebe3f990, 0x0000027aebe417f0, 0x0000027aebe40dd0,
0x0000027aebe412e0, 0x0000027af0927bc0, 0x0000027af0926780, 0x0000027af09280d0,
0x0000027af0929a20, 0x0000027af09285e0, 0x0000027af0926c90, 0x0000027af0928af0,
0x0000027af0929000, 0x0000027af0929510, 0x0000027af09271a0, 0x0000027af0926270,
0x0000027af09276b0, 0x0000027aec073e00, 0x0000027aefaeed80, 0x0000027aec4479d0,
0x0000027aec445b70
}

Java Threads: ( => current thread )
  0x0000027ac6d1ea70 JavaThread "main" [_thread_blocked, id=2076, stack(0x0000009e18e00000,0x0000009e18f00000)]
  0x0000027ae5a4fa00 JavaThread "Reference Handler" daemon [_thread_blocked, id=28444, stack(0x0000009e19500000,0x0000009e19600000)]
  0x0000027ae5a505a0 JavaThread "Finalizer" daemon [_thread_blocked, id=34180, stack(0x0000009e19600000,0x0000009e19700000)]
  0x0000027ae5a68710 JavaThread "Signal Dispatcher" daemon [_thread_blocked, id=39624, stack(0x0000009e19700000,0x0000009e19800000)]
  0x0000027ae5a690b0 JavaThread "Attach Listener" daemon [_thread_blocked, id=38356, stack(0x0000009e19800000,0x0000009e19900000)]
  0x0000027ae5a6a900 JavaThread "Service Thread" daemon [_thread_blocked, id=43940, stack(0x0000009e19900000,0x0000009e19a00000)]
  0x0000027ae5a69ee0 JavaThread "Monitor Deflation Thread" daemon [_thread_blocked, id=42760, stack(0x0000009e19a00000,0x0000009e19b00000)]
=>0x0000027ae5a7ae80 JavaThread "C2 CompilerThread0" daemon [_thread_in_native, id=34200, stack(0x0000009e19b00000,0x0000009e19c00000)]
  0x0000027ae5a7d850 JavaThread "C1 CompilerThread0" daemon [_thread_blocked, id=15100, stack(0x0000009e19c00000,0x0000009e19d00000)]
  0x0000027ae5a6bd40 JavaThread "Sweeper thread" daemon [_thread_blocked, id=32908, stack(0x0000009e19d00000,0x0000009e19e00000)]
  0x0000027ae5a6d180 JavaThread "Common-Cleaner" daemon [_thread_blocked, id=4960, stack(0x0000009e19f00000,0x0000009e1a000000)]
  0x0000027ae5a699d0 JavaThread "Notification Thread" daemon [_thread_blocked, id=31420, stack(0x0000009e1a000000,0x0000009e1a100000)]
  0x0000027ae5a6ae10 JavaThread "Daemon health stats" [_thread_blocked, id=32944, stack(0x0000009e1ac00000,0x0000009e1ad00000)]
  0x0000027ae5a6b320 JavaThread "Incoming local TCP Connector on port 57167" [_thread_in_native, id=26580, stack(0x0000009e1a200000,0x0000009e1a300000)]
  0x0000027ae5a6b830 JavaThread "Daemon periodic checks" [_thread_blocked, id=24476, stack(0x0000009e1a300000,0x0000009e1a400000)]
  0x0000027ae5a6cc70 JavaThread "Daemon" [_thread_blocked, id=14440, stack(0x0000009e1ab00000,0x0000009e1ac00000)]
  0x0000027aeacfbf80 JavaThread "Daemon worker" [_thread_in_vm, id=32412, stack(0x0000009e1af00000,0x0000009e1b000000)]
  0x0000027aeacfdde0 JavaThread "Cache worker for journal cache (C:\Users\Maulana Bintang\.gradle\caches\journal-1)" [_thread_blocked, id=20440, stack(0x0000009e1b300000,0x0000009e1b400000)]
  0x0000027aeacfd3c0 JavaThread "File lock request listener" [_thread_in_native, id=21012, stack(0x0000009e1b400000,0x0000009e1b500000)]
  0x0000027aeacfb050 JavaThread "Cache worker for file hash cache (C:\Users\Maulana Bintang\.gradle\caches\7.4\fileHashes)" [_thread_blocked, id=35760, stack(0x0000009e1b500000,0x0000009e1b600000)]
  0x0000027aeacfba70 JavaThread "File watcher server" daemon [_thread_in_native, id=23632, stack(0x0000009e1a500000,0x0000009e1a600000)]
  0x0000027aeacffc40 JavaThread "File watcher consumer" daemon [_thread_blocked, id=39016, stack(0x0000009e1a400000,0x0000009e1a500000)]
  0x0000027aead00150 JavaThread "jar transforms" [_thread_blocked, id=39076, stack(0x0000009e1b700000,0x0000009e1b800000)]
  0x0000027aeacff730 JavaThread "jar transforms Thread 2" [_thread_blocked, id=32904, stack(0x0000009e1b800000,0x0000009e1b900000)]
  0x0000027aead00b70 JavaThread "jar transforms Thread 3" [_thread_blocked, id=10632, stack(0x0000009e1b900000,0x0000009e1ba00000)]
  0x0000027aec3a70e0 JavaThread "Cache worker for execution history cache (C:\Users\Maulana Bintang\.gradle\caches\7.4\executionHistory)" [_thread_blocked, id=7724, stack(0x0000009e1c600000,0x0000009e1c700000)]
  0x0000027aec3a9e70 JavaThread "jar transforms Thread 4" [_thread_blocked, id=26632, stack(0x0000009e1cc00000,0x0000009e1cd00000)]
  0x0000027aec3a9960 JavaThread "jar transforms Thread 5" [_thread_blocked, id=23500, stack(0x0000009e1cb00000,0x0000009e1cc00000)]
  0x0000027aec3a66c0 JavaThread "Cache worker for file content cache (C:\Users\Maulana Bintang\.gradle\caches\7.4\fileContent)" [_thread_blocked, id=40776, stack(0x0000009e1cd00000,0x0000009e1ce00000)]
  0x0000027aec3aada0 JavaThread "jar transforms Thread 6" [_thread_blocked, id=40904, stack(0x0000009e1cf00000,0x0000009e1d000000)]
  0x0000027aec3abcd0 JavaThread "jar transforms Thread 7" [_thread_blocked, id=4908, stack(0x0000009e1c900000,0x0000009e1ca00000)]
  0x0000027aec3a8f40 JavaThread "jar transforms Thread 8" [_thread_blocked, id=37676, stack(0x0000009e1d000000,0x0000009e1d100000)]
  0x0000027aec3ad110 JavaThread "jar transforms Thread 9" [_thread_blocked, id=43396, stack(0x0000009e1d100000,0x0000009e1d200000)]
  0x0000027aec3ae040 JavaThread "jar transforms Thread 10" [_thread_blocked, id=21904, stack(0x0000009e1d200000,0x0000009e1d300000)]
  0x0000027aec3adb30 JavaThread "jar transforms Thread 11" [_thread_blocked, id=40768, stack(0x0000009e1d300000,0x0000009e1d400000)]
  0x0000027aec3acc00 JavaThread "jar transforms Thread 12" [_thread_blocked, id=35356, stack(0x0000009e1d400000,0x0000009e1d500000)]
  0x0000027aec3ad620 JavaThread "jar transforms Thread 13" [_thread_blocked, id=22748, stack(0x0000009e1d600000,0x0000009e1d700000)]
  0x0000027aec3ab7c0 JavaThread "jar transforms Thread 14" [_thread_blocked, id=7288, stack(0x0000009e1d700000,0x0000009e1d800000)]
  0x0000027ae5a6a3f0 JavaThread "jar transforms Thread 15" [_thread_blocked, id=22808, stack(0x0000009e1d800000,0x0000009e1d900000)]
  0x0000027aefaed940 JavaThread "jar transforms Thread 16" [_thread_blocked, id=44312, stack(0x0000009e1d500000,0x0000009e1d600000)]
  0x0000027aed02d590 JavaThread "Memory manager" [_thread_blocked, id=43604, stack(0x0000009e27e00000,0x0000009e27f00000)]
  0x0000027af02feed0 JavaThread "included builds" [_thread_blocked, id=42824, stack(0x0000009e27c00000,0x0000009e27d00000)]
  0x0000027aec156400 JavaThread "Handler for socket connection from /127.0.0.1:57167 to /127.0.0.1:63929" [_thread_in_native, id=38720, stack(0x0000009e18b00000,0x0000009e18c00000)]
  0x0000027aec446080 JavaThread "Cancel handler" [_thread_blocked, id=16520, stack(0x0000009e18c00000,0x0000009e18d00000)]
  0x0000027aedb894c0 JavaThread "Asynchronous log dispatcher for DefaultDaemonConnection: socket connection from /127.0.0.1:57167 to /127.0.0.1:63929" [_thread_blocked, id=13544, stack(0x0000009e18d00000,0x0000009e18e00000)]
  0x0000027aedb899d0 JavaThread "Stdin handler" [_thread_blocked, id=15308, stack(0x0000009e19e00000,0x0000009e19f00000)]
  0x0000027aedb86c40 JavaThread "Daemon client event forwarder" [_thread_blocked, id=17792, stack(0x0000009e1ad00000,0x0000009e1ae00000)]
  0x0000027aedb89ee0 JavaThread "Cache worker for checksums cache (E:\obesifix\Mobile_Development\.gradle\7.4\checksums)" [_thread_blocked, id=38068, stack(0x0000009e1ae00000,0x0000009e1af00000)]
  0x0000027aedb87150 JavaThread "Cache worker for cache directory md-rule (C:\Users\Maulana Bintang\.gradle\caches\7.4\md-rule)" [_thread_blocked, id=40152, stack(0x0000009e1b000000,0x0000009e1b100000)]
  0x0000027aedb88fb0 JavaThread "Cache worker for file hash cache (E:\obesifix\Mobile_Development\.gradle\7.4\fileHashes)" [_thread_blocked, id=26164, stack(0x0000009e1b100000,0x0000009e1b200000)]
  0x0000027aedb87b70 JavaThread "Cache worker for cache directory md-supplier (C:\Users\Maulana Bintang\.gradle\caches\7.4\md-supplier)" [_thread_blocked, id=19256, stack(0x0000009e1b200000,0x0000009e1b300000)]
  0x0000027aedb88080 JavaThread "Cache worker for dependencies-accessors (E:\obesifix\Mobile_Development\.gradle\7.4\dependencies-accessors)" [_thread_blocked, id=10972, stack(0x0000009e1b600000,0x0000009e1b700000)]
  0x0000027aedb88aa0 JavaThread "Cache worker for Build Output Cleanup Cache (E:\obesifix\Mobile_Development\.gradle\buildOutputCleanup)" [_thread_blocked, id=36752, stack(0x0000009e1ba00000,0x0000009e1bb00000)]
  0x0000027aeab2a0b0 JavaThread "C2 CompilerThread1" daemon [_thread_in_native, id=42588, stack(0x0000009e1bb00000,0x0000009e1bc00000)]
  0x0000027aeab2a600 JavaThread "C2 CompilerThread2" daemon [_thread_in_native, id=36736, stack(0x0000009e1c500000,0x0000009e1c600000)]
  0x0000027aeab2b0a0 JavaThread "C2 CompilerThread3" daemon [_thread_in_native, id=34364, stack(0x0000009e1ca00000,0x0000009e1cb00000)]
  0x0000027aed7f1b00 JavaThread "C2 CompilerThread4" daemon [_thread_in_native, id=43124, stack(0x0000009e1ce00000,0x0000009e1cf00000)]
  0x0000027aedb88590 JavaThread "Unconstrained build operations" [_thread_blocked, id=5480, stack(0x0000009e1d900000,0x0000009e1da00000)]
  0x0000027aedb86730 JavaThread "Unconstrained build operations Thread 2" [_thread_blocked, id=29856, stack(0x0000009e1da00000,0x0000009e1db00000)]
  0x0000027aec593530 JavaThread "Unconstrained build operations Thread 3" [_thread_blocked, id=39812, stack(0x0000009e1db00000,0x0000009e1dc00000)]
  0x0000027aec591be0 JavaThread "Unconstrained build operations Thread 4" [_thread_blocked, id=16948, stack(0x0000009e1dc00000,0x0000009e1dd00000)]
  0x0000027aec5907a0 JavaThread "Unconstrained build operations Thread 5" [_thread_blocked, id=43872, stack(0x0000009e1dd00000,0x0000009e1de00000)]
  0x0000027aec58fd80 JavaThread "Unconstrained build operations Thread 6" [_thread_blocked, id=34192, stack(0x0000009e1de00000,0x0000009e1df00000)]
  0x0000027aec590290 JavaThread "Unconstrained build operations Thread 7" [_thread_blocked, id=35888, stack(0x0000009e1df00000,0x0000009e1e000000)]
  0x0000027aec590cb0 JavaThread "Unconstrained build operations Thread 8" [_thread_blocked, id=43344, stack(0x0000009e1e000000,0x0000009e1e100000)]
  0x0000027aec5911c0 JavaThread "Unconstrained build operations Thread 9" [_thread_blocked, id=4144, stack(0x0000009e1e100000,0x0000009e1e200000)]
  0x0000027aec593020 JavaThread "Unconstrained build operations Thread 10" [_thread_blocked, id=10084, stack(0x0000009e1e200000,0x0000009e1e300000)]
  0x0000027aec5916d0 JavaThread "Unconstrained build operations Thread 11" [_thread_blocked, id=26608, stack(0x0000009e1e300000,0x0000009e1e400000)]
  0x0000027aec592b10 JavaThread "Unconstrained build operations Thread 12" [_thread_blocked, id=16572, stack(0x0000009e1e400000,0x0000009e1e500000)]
  0x0000027aec5920f0 JavaThread "Unconstrained build operations Thread 13" [_thread_blocked, id=2688, stack(0x0000009e1e500000,0x0000009e1e600000)]
  0x0000027aec592600 JavaThread "Unconstrained build operations Thread 14" [_thread_blocked, id=22108, stack(0x0000009e1e600000,0x0000009e1e700000)]
  0x0000027aef87f0c0 JavaThread "Unconstrained build operations Thread 15" [_thread_blocked, id=28828, stack(0x0000009e1e700000,0x0000009e1e800000)]
  0x0000027aef881e50 JavaThread "Unconstrained build operations Thread 16" [_thread_blocked, id=6268, stack(0x0000009e1e800000,0x0000009e1e900000)]
  0x0000027aef881940 JavaThread "Unconstrained build operations Thread 17" [_thread_blocked, id=31776, stack(0x0000009e1e900000,0x0000009e1ea00000)]
  0x0000027aef880a10 JavaThread "Unconstrained build operations Thread 18" [_thread_blocked, id=44820, stack(0x0000009e1ea00000,0x0000009e1eb00000)]
  0x0000027aef87ebb0 JavaThread "Unconstrained build operations Thread 19" [_thread_blocked, id=30868, stack(0x0000009e1eb00000,0x0000009e1ec00000)]
  0x0000027aef881430 JavaThread "Unconstrained build operations Thread 20" [_thread_blocked, id=14040, stack(0x0000009e1ec00000,0x0000009e1ed00000)]
  0x0000027aef87f5d0 JavaThread "Unconstrained build operations Thread 21" [_thread_blocked, id=8864, stack(0x0000009e1ed00000,0x0000009e1ee00000)]
  0x0000027aef87fae0 JavaThread "Unconstrained build operations Thread 22" [_thread_blocked, id=41144, stack(0x0000009e1ee00000,0x0000009e1ef00000)]
  0x0000027aec1523e0 JavaThread "Unconstrained build operations Thread 23" [_thread_blocked, id=37156, stack(0x0000009e1ef00000,0x0000009e1f000000)]
  0x0000027aec1519c0 JavaThread "Unconstrained build operations Thread 24" [_thread_blocked, id=28968, stack(0x0000009e1f000000,0x0000009e1f100000)]
  0x0000027ae4e87bb0 JavaThread "Unconstrained build operations Thread 25" [_thread_blocked, id=4320, stack(0x0000009e1f100000,0x0000009e1f200000)]
  0x0000027ae4e89500 JavaThread "Unconstrained build operations Thread 26" [_thread_blocked, id=14940, stack(0x0000009e1f200000,0x0000009e1f300000)]
  0x0000027ae4e885d0 JavaThread "Unconstrained build operations Thread 27" [_thread_blocked, id=34460, stack(0x0000009e1f300000,0x0000009e1f400000)]
  0x0000027ae4e88ae0 JavaThread "Unconstrained build operations Thread 28" [_thread_blocked, id=40332, stack(0x0000009e1f400000,0x0000009e1f500000)]
  0x0000027ae4e88ff0 JavaThread "Unconstrained build operations Thread 29" [_thread_blocked, id=43596, stack(0x0000009e1f500000,0x0000009e1f600000)]
  0x0000027af21b5a00 JavaThread "Unconstrained build operations Thread 30" [_thread_blocked, id=24204, stack(0x0000009e1f600000,0x0000009e1f700000)]
  0x0000027af21b40b0 JavaThread "Unconstrained build operations Thread 31" [_thread_blocked, id=9564, stack(0x0000009e1f700000,0x0000009e1f800000)]
  0x0000027af21b5f10 JavaThread "Unconstrained build operations Thread 32" [_thread_blocked, id=37692, stack(0x0000009e1f800000,0x0000009e1f900000)]
  0x0000027af21b45c0 JavaThread "Unconstrained build operations Thread 33" [_thread_blocked, id=39508, stack(0x0000009e1f900000,0x0000009e1fa00000)]
  0x0000027af21b6420 JavaThread "Unconstrained build operations Thread 34" [_thread_blocked, id=44872, stack(0x0000009e1fa00000,0x0000009e1fb00000)]
  0x0000027af21b6930 JavaThread "Unconstrained build operations Thread 35" [_thread_blocked, id=22940, stack(0x0000009e1fb00000,0x0000009e1fc00000)]
  0x0000027af21b54f0 JavaThread "Unconstrained build operations Thread 36" [_thread_blocked, id=19892, stack(0x0000009e1fc00000,0x0000009e1fd00000)]
  0x0000027af21b6e40 JavaThread "Unconstrained build operations Thread 37" [_thread_blocked, id=35240, stack(0x0000009e1fd00000,0x0000009e1fe00000)]
  0x0000027af21b7350 JavaThread "Unconstrained build operations Thread 38" [_thread_blocked, id=18488, stack(0x0000009e1fe00000,0x0000009e1ff00000)]
  0x0000027af21b4fe0 JavaThread "Unconstrained build operations Thread 39" [_thread_blocked, id=34808, stack(0x0000009e1ff00000,0x0000009e20000000)]
  0x0000027af1429540 JavaThread "Unconstrained build operations Thread 40" [_thread_blocked, id=23908, stack(0x0000009e20000000,0x0000009e20100000)]
  0x0000027af1429a50 JavaThread "Unconstrained build operations Thread 41" [_thread_blocked, id=29452, stack(0x0000009e20100000,0x0000009e20200000)]
  0x0000027af1429f60 JavaThread "Unconstrained build operations Thread 42" [_thread_blocked, id=4436, stack(0x0000009e20200000,0x0000009e20300000)]
  0x0000027aebdb4c70 JavaThread "Unconstrained build operations Thread 43" [_thread_blocked, id=39108, stack(0x0000009e20300000,0x0000009e20400000)]
  0x0000027aebdb6fe0 JavaThread "Unconstrained build operations Thread 44" [_thread_blocked, id=7848, stack(0x0000009e20400000,0x0000009e20500000)]
  0x0000027aebdb65c0 JavaThread "Unconstrained build operations Thread 45" [_thread_blocked, id=38696, stack(0x0000009e20500000,0x0000009e20600000)]
  0x0000027aebdb6ad0 JavaThread "Unconstrained build operations Thread 46" [_thread_blocked, id=15368, stack(0x0000009e20600000,0x0000009e20700000)]
  0x0000027aebdb5690 JavaThread "Unconstrained build operations Thread 47" [_thread_blocked, id=16720, stack(0x0000009e20700000,0x0000009e20800000)]
  0x0000027aebdb5180 JavaThread "Unconstrained build operations Thread 48" [_thread_blocked, id=16988, stack(0x0000009e20800000,0x0000009e20900000)]
  0x0000027aebdb5ba0 JavaThread "Unconstrained build operations Thread 49" [_thread_blocked, id=41768, stack(0x0000009e20900000,0x0000009e20a00000)]
  0x0000027aebdb60b0 JavaThread "Unconstrained build operations Thread 50" [_thread_blocked, id=10988, stack(0x0000009e20a00000,0x0000009e20b00000)]
  0x0000027aebdb74f0 JavaThread "Unconstrained build operations Thread 51" [_thread_blocked, id=24072, stack(0x0000009e20b00000,0x0000009e20c00000)]
  0x0000027aebdb7a00 JavaThread "Unconstrained build operations Thread 52" [_thread_blocked, id=12836, stack(0x0000009e20c00000,0x0000009e20d00000)]
  0x0000027aebdb4250 JavaThread "Unconstrained build operations Thread 53" [_thread_blocked, id=27136, stack(0x0000009e20d00000,0x0000009e20e00000)]
  0x0000027af1d352f0 JavaThread "Unconstrained build operations Thread 54" [_thread_blocked, id=8652, stack(0x0000009e20e00000,0x0000009e20f00000)]
  0x0000027af1d35800 JavaThread "Unconstrained build operations Thread 55" [_thread_blocked, id=33024, stack(0x0000009e20f00000,0x0000009e21000000)]
  0x0000027af1d36c40 JavaThread "Unconstrained build operations Thread 56" [_thread_blocked, id=36416, stack(0x0000009e21000000,0x0000009e21100000)]
  0x0000027af1d35d10 JavaThread "Unconstrained build operations Thread 57" [_thread_blocked, id=13388, stack(0x0000009e21100000,0x0000009e21200000)]
  0x0000027af1d36730 JavaThread "Unconstrained build operations Thread 58" [_thread_blocked, id=21732, stack(0x0000009e21200000,0x0000009e21300000)]
  0x0000027af0852920 JavaThread "Unconstrained build operations Thread 59" [_thread_blocked, id=16456, stack(0x0000009e21300000,0x0000009e21400000)]
  0x0000027af0853850 JavaThread "Unconstrained build operations Thread 60" [_thread_blocked, id=27720, stack(0x0000009e21400000,0x0000009e21500000)]
  0x0000027af1e18190 JavaThread "Unconstrained build operations Thread 61" [_thread_blocked, id=35996, stack(0x0000009e21500000,0x0000009e21600000)]
  0x0000027aec1528f0 JavaThread "Unconstrained build operations Thread 62" [_thread_blocked, id=42720, stack(0x0000009e21600000,0x0000009e21700000)]
  0x0000027aec150fa0 JavaThread "Unconstrained build operations Thread 63" [_thread_blocked, id=31700, stack(0x0000009e21700000,0x0000009e21800000)]
  0x0000027aebdb4760 JavaThread "Unconstrained build operations Thread 64" [_thread_blocked, id=39724, stack(0x0000009e21800000,0x0000009e21900000)]
  0x0000027aeb087770 JavaThread "Unconstrained build operations Thread 65" [_thread_blocked, id=33768, stack(0x0000009e21900000,0x0000009e21a00000)]
  0x0000027aec1514b0 JavaThread "Unconstrained build operations Thread 66" [_thread_blocked, id=37072, stack(0x0000009e21a00000,0x0000009e21b00000)]
  0x0000027aec151ed0 JavaThread "Unconstrained build operations Thread 67" [_thread_blocked, id=42772, stack(0x0000009e21b00000,0x0000009e21c00000)]
  0x0000027aeeedd480 JavaThread "Unconstrained build operations Thread 68" [_thread_blocked, id=3592, stack(0x0000009e21c00000,0x0000009e21d00000)]
  0x0000027aeeedd990 JavaThread "Unconstrained build operations Thread 69" [_thread_blocked, id=18584, stack(0x0000009e21d00000,0x0000009e21e00000)]
  0x0000027aeeededd0 JavaThread "Unconstrained build operations Thread 70" [_thread_blocked, id=1252, stack(0x0000009e21e00000,0x0000009e21f00000)]
  0x0000027aeeeddea0 JavaThread "Unconstrained build operations Thread 71" [_thread_blocked, id=42828, stack(0x0000009e21f00000,0x0000009e22000000)]
  0x0000027aeeede3b0 JavaThread "Unconstrained build operations Thread 72" [_thread_blocked, id=38880, stack(0x0000009e22000000,0x0000009e22100000)]
  0x0000027aeeede8c0 JavaThread "Unconstrained build operations Thread 73" [_thread_blocked, id=692, stack(0x0000009e22100000,0x0000009e22200000)]
  0x0000027aee2b2290 JavaThread "Unconstrained build operations Thread 74" [_thread_blocked, id=22332, stack(0x0000009e22200000,0x0000009e22300000)]
  0x0000027aee2b27a0 JavaThread "Unconstrained build operations Thread 75" [_thread_blocked, id=44052, stack(0x0000009e22300000,0x0000009e22400000)]
  0x0000027aee2b0e50 JavaThread "Unconstrained build operations Thread 76" [_thread_blocked, id=30452, stack(0x0000009e22400000,0x0000009e22500000)]
  0x0000027aee2b1360 JavaThread "Unconstrained build operations Thread 77" [_thread_blocked, id=43556, stack(0x0000009e22500000,0x0000009e22600000)]
  0x0000027aee2b1870 JavaThread "Unconstrained build operations Thread 78" [_thread_blocked, id=37244, stack(0x0000009e22600000,0x0000009e22700000)]
  0x0000027aee2b1d80 JavaThread "Unconstrained build operations Thread 79" [_thread_blocked, id=26028, stack(0x0000009e22700000,0x0000009e22800000)]
  0x0000027aee1bca80 JavaThread "Unconstrained build operations Thread 80" [_thread_blocked, id=42628, stack(0x0000009e22800000,0x0000009e22900000)]
  0x0000027aee1bd4a0 JavaThread "Unconstrained build operations Thread 81" [_thread_blocked, id=14392, stack(0x0000009e22900000,0x0000009e22a00000)]
  0x0000027aee1bc060 JavaThread "Unconstrained build operations Thread 82" [_thread_blocked, id=32728, stack(0x0000009e22a00000,0x0000009e22b00000)]
  0x0000027aee1bcf90 JavaThread "Unconstrained build operations Thread 83" [_thread_blocked, id=40224, stack(0x0000009e22b00000,0x0000009e22c00000)]
  0x0000027aeb085e20 JavaThread "Unconstrained build operations Thread 84" [_thread_blocked, id=25680, stack(0x0000009e22c00000,0x0000009e22d00000)]
  0x0000027aeb086840 JavaThread "Unconstrained build operations Thread 85" [_thread_blocked, id=26324, stack(0x0000009e22d00000,0x0000009e22e00000)]
  0x0000027aeb086330 JavaThread "Unconstrained build operations Thread 86" [_thread_blocked, id=38008, stack(0x0000009e22e00000,0x0000009e22f00000)]
  0x0000027aeb086d50 JavaThread "Unconstrained build operations Thread 87" [_thread_blocked, id=34360, stack(0x0000009e22f00000,0x0000009e23000000)]
  0x0000027aeb087260 JavaThread "Unconstrained build operations Thread 88" [_thread_blocked, id=43144, stack(0x0000009e23000000,0x0000009e23100000)]
  0x0000027af10992d0 JavaThread "Unconstrained build operations Thread 89" [_thread_blocked, id=44936, stack(0x0000009e23100000,0x0000009e23200000)]
  0x0000027af10988b0 JavaThread "Unconstrained build operations Thread 90" [_thread_blocked, id=41940, stack(0x0000009e23200000,0x0000009e23300000)]
  0x0000027af1096f60 JavaThread "Unconstrained build operations Thread 91" [_thread_blocked, id=32440, stack(0x0000009e23300000,0x0000009e23400000)]
  0x0000027af1097470 JavaThread "Unconstrained build operations Thread 92" [_thread_blocked, id=20920, stack(0x0000009e23400000,0x0000009e23500000)]
  0x0000027af1097980 JavaThread "Unconstrained build operations Thread 93" [_thread_blocked, id=21920, stack(0x0000009e23500000,0x0000009e23600000)]
  0x0000027af1095b20 JavaThread "Unconstrained build operations Thread 94" [_thread_blocked, id=44676, stack(0x0000009e23600000,0x0000009e23700000)]
  0x0000027aee1bd9b0 JavaThread "Unconstrained build operations Thread 95" [_thread_blocked, id=44716, stack(0x0000009e23700000,0x0000009e23800000)]
  0x0000027aee8fffa0 JavaThread "Unconstrained build operations Thread 96" [_thread_blocked, id=42924, stack(0x0000009e23800000,0x0000009e23900000)]
  0x0000027aee8fd720 JavaThread "Unconstrained build operations Thread 97" [_thread_blocked, id=30560, stack(0x0000009e23900000,0x0000009e23a00000)]
  0x0000027aee8fe650 JavaThread "Unconstrained build operations Thread 98" [_thread_blocked, id=13440, stack(0x0000009e23a00000,0x0000009e23b00000)]
  0x0000027aee8fd210 JavaThread "Unconstrained build operations Thread 99" [_thread_blocked, id=42224, stack(0x0000009e23b00000,0x0000009e23c00000)]
  0x0000027aee8feb60 JavaThread "Unconstrained build operations Thread 100" [_thread_blocked, id=21604, stack(0x0000009e23c00000,0x0000009e23d00000)]
  0x0000027af1e190c0 JavaThread "Unconstrained build operations Thread 101" [_thread_blocked, id=27896, stack(0x0000009e23d00000,0x0000009e23e00000)]
  0x0000027af1e195d0 JavaThread "Unconstrained build operations Thread 102" [_thread_blocked, id=31676, stack(0x0000009e23e00000,0x0000009e23f00000)]
  0x0000027af1e19ae0 JavaThread "Unconstrained build operations Thread 103" [_thread_blocked, id=43772, stack(0x0000009e23f00000,0x0000009e24000000)]
  0x0000027af1e17c80 JavaThread "Unconstrained build operations Thread 104" [_thread_blocked, id=22196, stack(0x0000009e24000000,0x0000009e24100000)]
  0x0000027af1e186a0 JavaThread "Unconstrained build operations Thread 105" [_thread_blocked, id=41792, stack(0x0000009e24100000,0x0000009e24200000)]
  0x0000027af1e19ff0 JavaThread "Unconstrained build operations Thread 106" [_thread_blocked, id=21848, stack(0x0000009e24200000,0x0000009e24300000)]
  0x0000027af1e1a500 JavaThread "Unconstrained build operations Thread 107" [_thread_blocked, id=22460, stack(0x0000009e24300000,0x0000009e24400000)]
  0x0000027af1e1aa10 JavaThread "Unconstrained build operations Thread 108" [_thread_blocked, id=25080, stack(0x0000009e24400000,0x0000009e24500000)]
  0x0000027af1e18bb0 JavaThread "Unconstrained build operations Thread 109" [_thread_blocked, id=19572, stack(0x0000009e24500000,0x0000009e24600000)]
  0x0000027af1e1af20 JavaThread "Unconstrained build operations Thread 110" [_thread_blocked, id=22180, stack(0x0000009e24600000,0x0000009e24700000)]
  0x0000027af1e1b430 JavaThread "Unconstrained build operations Thread 111" [_thread_blocked, id=10696, stack(0x0000009e24700000,0x0000009e24800000)]
  0x0000027aec5c0690 JavaThread "Unconstrained build operations Thread 112" [_thread_blocked, id=18780, stack(0x0000009e24800000,0x0000009e24900000)]
  0x0000027aec5bd900 JavaThread "Unconstrained build operations Thread 113" [_thread_blocked, id=30752, stack(0x0000009e24900000,0x0000009e24a00000)]
  0x0000027aec5c0ba0 JavaThread "Unconstrained build operations Thread 114" [_thread_blocked, id=31256, stack(0x0000009e24a00000,0x0000009e24b00000)]
  0x0000027aec6652d0 JavaThread "Unconstrained build operations Thread 115" [_thread_blocked, id=23488, stack(0x0000009e24b00000,0x0000009e24c00000)]
  0x0000027aec665cf0 JavaThread "Unconstrained build operations Thread 116" [_thread_blocked, id=43964, stack(0x0000009e24c00000,0x0000009e24d00000)]
  0x0000027aec6643a0 JavaThread "Unconstrained build operations Thread 117" [_thread_blocked, id=24860, stack(0x0000009e24d00000,0x0000009e24e00000)]
  0x0000027aec6648b0 JavaThread "Unconstrained build operations Thread 118" [_thread_blocked, id=34324, stack(0x0000009e24e00000,0x0000009e24f00000)]
  0x0000027aec664dc0 JavaThread "Unconstrained build operations Thread 119" [_thread_blocked, id=44832, stack(0x0000009e24f00000,0x0000009e25000000)]
  0x0000027aec6657e0 JavaThread "Unconstrained build operations Thread 120" [_thread_blocked, id=32020, stack(0x0000009e25000000,0x0000009e25100000)]
  0x0000027af12da690 JavaThread "Unconstrained build operations Thread 121" [_thread_blocked, id=40448, stack(0x0000009e25100000,0x0000009e25200000)]
  0x0000027af12db0b0 JavaThread "Unconstrained build operations Thread 122" [_thread_blocked, id=700, stack(0x0000009e25200000,0x0000009e25300000)]
  0x0000027af12d9c70 JavaThread "Unconstrained build operations Thread 123" [_thread_blocked, id=29476, stack(0x0000009e25300000,0x0000009e25400000)]
  0x0000027af12dca00 JavaThread "Unconstrained build operations Thread 124" [_thread_blocked, id=30304, stack(0x0000009e25400000,0x0000009e25500000)]
  0x0000027af12da180 JavaThread "Unconstrained build operations Thread 125" [_thread_blocked, id=29980, stack(0x0000009e25500000,0x0000009e25600000)]
  0x0000027af12d9760 JavaThread "Unconstrained build operations Thread 126" [_thread_blocked, id=33532, stack(0x0000009e25600000,0x0000009e25700000)]
  0x0000027af12daba0 JavaThread "Unconstrained build operations Thread 127" [_thread_blocked, id=7036, stack(0x0000009e25700000,0x0000009e25800000)]
  0x0000027af12dcf10 JavaThread "Unconstrained build operations Thread 128" [_thread_blocked, id=41468, stack(0x0000009e25800000,0x0000009e25900000)]
  0x0000027af12db5c0 JavaThread "Unconstrained build operations Thread 129" [_thread_blocked, id=34580, stack(0x0000009e25900000,0x0000009e25a00000)]
  0x0000027af12dbad0 JavaThread "Unconstrained build operations Thread 130" [_thread_blocked, id=19164, stack(0x0000009e25a00000,0x0000009e25b00000)]
  0x0000027af12dbfe0 JavaThread "Unconstrained build operations Thread 131" [_thread_blocked, id=43156, stack(0x0000009e25b00000,0x0000009e25c00000)]
  0x0000027af12dc4f0 JavaThread "Unconstrained build operations Thread 132" [_thread_blocked, id=29360, stack(0x0000009e25c00000,0x0000009e25d00000)]
  0x0000027aebe3ef70 JavaThread "Unconstrained build operations Thread 133" [_thread_blocked, id=42080, stack(0x0000009e25d00000,0x0000009e25e00000)]
  0x0000027aebe3e550 JavaThread "Unconstrained build operations Thread 134" [_thread_blocked, id=25072, stack(0x0000009e25e00000,0x0000009e25f00000)]
  0x0000027aebe3e040 JavaThread "Unconstrained build operations Thread 135" [_thread_blocked, id=41552, stack(0x0000009e25f00000,0x0000009e26000000)]
  0x0000027aebe3fea0 JavaThread "Unconstrained build operations Thread 136" [_thread_blocked, id=21944, stack(0x0000009e26000000,0x0000009e26100000)]
  0x0000027aebe3ea60 JavaThread "Unconstrained build operations Thread 137" [_thread_blocked, id=31640, stack(0x0000009e26100000,0x0000009e26200000)]
  0x0000027aebe408c0 JavaThread "Unconstrained build operations Thread 138" [_thread_blocked, id=32840, stack(0x0000009e26200000,0x0000009e26300000)]
  0x0000027aebe403b0 JavaThread "Unconstrained build operations Thread 139" [_thread_blocked, id=31888, stack(0x0000009e26300000,0x0000009e26400000)]
  0x0000027aebe3f480 JavaThread "Unconstrained build operations Thread 140" [_thread_blocked, id=33528, stack(0x0000009e26400000,0x0000009e26500000)]
  0x0000027aebe3f990 JavaThread "Unconstrained build operations Thread 141" [_thread_blocked, id=43660, stack(0x0000009e26500000,0x0000009e26600000)]
  0x0000027aebe417f0 JavaThread "Unconstrained build operations Thread 142" [_thread_blocked, id=20108, stack(0x0000009e26600000,0x0000009e26700000)]
  0x0000027aebe40dd0 JavaThread "Unconstrained build operations Thread 143" [_thread_blocked, id=44952, stack(0x0000009e26700000,0x0000009e26800000)]
  0x0000027aebe412e0 JavaThread "Unconstrained build operations Thread 144" [_thread_blocked, id=16588, stack(0x0000009e26800000,0x0000009e26900000)]
  0x0000027af0927bc0 JavaThread "Unconstrained build operations Thread 145" [_thread_blocked, id=38856, stack(0x0000009e26900000,0x0000009e26a00000)]
  0x0000027af0926780 JavaThread "Unconstrained build operations Thread 146" [_thread_blocked, id=9584, stack(0x0000009e26a00000,0x0000009e26b00000)]
  0x0000027af09280d0 JavaThread "Unconstrained build operations Thread 147" [_thread_blocked, id=19160, stack(0x0000009e26b00000,0x0000009e26c00000)]
  0x0000027af0929a20 JavaThread "Unconstrained build operations Thread 148" [_thread_blocked, id=42416, stack(0x0000009e26c00000,0x0000009e26d00000)]
  0x0000027af09285e0 JavaThread "Unconstrained build operations Thread 149" [_thread_blocked, id=35320, stack(0x0000009e26d00000,0x0000009e26e00000)]
  0x0000027af0926c90 JavaThread "Unconstrained build operations Thread 150" [_thread_blocked, id=5008, stack(0x0000009e26e00000,0x0000009e26f00000)]
  0x0000027af0928af0 JavaThread "Unconstrained build operations Thread 151" [_thread_blocked, id=35860, stack(0x0000009e26f00000,0x0000009e27000000)]
  0x0000027af0929000 JavaThread "Unconstrained build operations Thread 152" [_thread_blocked, id=22812, stack(0x0000009e27000000,0x0000009e27100000)]
  0x0000027af0929510 JavaThread "Unconstrained build operations Thread 153" [_thread_blocked, id=23888, stack(0x0000009e27100000,0x0000009e27200000)]
  0x0000027af09271a0 JavaThread "Unconstrained build operations Thread 154" [_thread_blocked, id=15920, stack(0x0000009e27200000,0x0000009e27300000)]
  0x0000027af0926270 JavaThread "Unconstrained build operations Thread 155" [_thread_blocked, id=13972, stack(0x0000009e27300000,0x0000009e27400000)]
  0x0000027af09276b0 JavaThread "Unconstrained build operations Thread 156" [_thread_blocked, id=19564, stack(0x0000009e27400000,0x0000009e27500000)]
  0x0000027aec073e00 JavaThread "Unconstrained build operations Thread 157" [_thread_blocked, id=30988, stack(0x0000009e27500000,0x0000009e27600000)]
  0x0000027aefaeed80 JavaThread "Unconstrained build operations Thread 158" [_thread_blocked, id=8472, stack(0x0000009e27600000,0x0000009e27700000)]
  0x0000027aec4479d0 JavaThread "Unconstrained build operations Thread 159" [_thread_blocked, id=30700, stack(0x0000009e27700000,0x0000009e27800000)]
  0x0000027aec445b70 JavaThread "Unconstrained build operations Thread 160" [_thread_blocked, id=16660, stack(0x0000009e27800000,0x0000009e27900000)]

Other Threads:
  0x0000027ae5a4d2e0 VMThread "VM Thread" [stack: 0x0000009e19400000,0x0000009e19500000] [id=5596]
  0x0000027ae5c23350 WatcherThread [stack: 0x0000009e1a100000,0x0000009e1a200000] [id=15564]
  0x0000027ac6d7c7b0 GCTaskThread "GC Thread#0" [stack: 0x0000009e18f00000,0x0000009e19000000] [id=4420]
  0x0000027aea4c16a0 GCTaskThread "GC Thread#1" [stack: 0x0000009e1a600000,0x0000009e1a700000] [id=7748]
  0x0000027aea4c1960 GCTaskThread "GC Thread#2" [stack: 0x0000009e1a700000,0x0000009e1a800000] [id=17696]
  0x0000027aea5579e0 GCTaskThread "GC Thread#3" [stack: 0x0000009e1a800000,0x0000009e1a900000] [id=27236]
  0x0000027aea557ca0 GCTaskThread "GC Thread#4" [stack: 0x0000009e1a900000,0x0000009e1aa00000] [id=14388]
  0x0000027aea557f60 GCTaskThread "GC Thread#5" [stack: 0x0000009e1aa00000,0x0000009e1ab00000] [id=716]
  0x0000027aeadf6670 GCTaskThread "GC Thread#6" [stack: 0x0000009e1bc00000,0x0000009e1bd00000] [id=22344]
  0x0000027aeadf6bf0 GCTaskThread "GC Thread#7" [stack: 0x0000009e1bd00000,0x0000009e1be00000] [id=34416]
  0x0000027aeadf5e30 GCTaskThread "GC Thread#8" [stack: 0x0000009e1be00000,0x0000009e1bf00000] [id=28160]
  0x0000027aeadf6eb0 GCTaskThread "GC Thread#9" [stack: 0x0000009e1bf00000,0x0000009e1c000000] [id=17284]
  0x0000027aeadf6930 GCTaskThread "GC Thread#10" [stack: 0x0000009e1c000000,0x0000009e1c100000] [id=44876]
  0x0000027aeadf7170 GCTaskThread "GC Thread#11" [stack: 0x0000009e1c100000,0x0000009e1c200000] [id=35424]
  0x0000027aeadf63b0 GCTaskThread "GC Thread#12" [stack: 0x0000009e1c200000,0x0000009e1c300000] [id=14464]
  0x0000027ac6d90b70 ConcurrentGCThread "G1 Main Marker" [stack: 0x0000009e19000000,0x0000009e19100000] [id=33160]
  0x0000027ac6d91490 ConcurrentGCThread "G1 Conc#0" [stack: 0x0000009e19100000,0x0000009e19200000] [id=33116]
  0x0000027aeadf60f0 ConcurrentGCThread "G1 Conc#1" [stack: 0x0000009e1c300000,0x0000009e1c400000] [id=44968]
  0x0000027aeadf5b70 ConcurrentGCThread "G1 Conc#2" [stack: 0x0000009e1c400000,0x0000009e1c500000] [id=5540]
  0x0000027ac6ddea00 ConcurrentGCThread "G1 Refine#0" [stack: 0x0000009e19200000,0x0000009e19300000] [id=5744]
  0x0000027ae4d4df00 ConcurrentGCThread "G1 Service" [stack: 0x0000009e19300000,0x0000009e19400000] [id=14944]

Threads with active compile tasks:
C2 CompilerThread0   158693 14668       4       org.gradle.api.internal.artifacts.ModuleComponentSelectorSerializer::read (50 bytes)
C1 CompilerThread0   158694 14823       3       org.jetbrains.kotlin.gradle.targets.metadata.KotlinMetadataTargetConfiguratorKt::isKotlinGranularMetadataEnabled (88 bytes)
C2 CompilerThread1   158694 14822       4       org.gradle.api.internal.artifacts.configurations.DefaultConfiguration::notifyChildren (40 bytes)
C2 CompilerThread2   158695 14680       4       org.gradle.api.internal.artifacts.ivyservice.resolveengine.result.DesugaredAttributeContainerSerializer::read (155 bytes)
C2 CompilerThread3   158695 14785       4       com.google.common.reflect.TypeResolver::resolveType (74 bytes)
C2 CompilerThread4   158696 14781       4       org.gradle.internal.snapshot.impl.AbstractValueProcessor::processValue (745 bytes)

VM state: not at safepoint (normal execution)

VM Mutex/Monitor currently owned by a thread: None

Heap address: 0x0000000080000000, size: 2048 MB, Compressed Oops mode: 32-bit

CDS archive(s) mapped at: [0x0000027a80000000-0x0000027a80bd0000-0x0000027a80bd0000), size 12386304, SharedBaseAddress: 0x0000027a80000000, ArchiveRelocationMode: 1.
Compressed class space mapped at: 0x0000027a81000000-0x0000027ac1000000, reserved size: 1073741824
Narrow klass base: 0x0000027a80000000, Narrow klass shift: 0, Narrow klass range: 0x100000000

GC Precious Log:
 CPUs: 16 total, 16 available
 Memory: 16167M
 Large Page Support: Disabled
 NUMA Support: Disabled
 Compressed Oops: Enabled (32-bit)
 Heap Region Size: 1M
 Heap Min Capacity: 8M
 Heap Initial Capacity: 254M
 Heap Max Capacity: 2G
 Pre-touch: Disabled
 Parallel Workers: 13
 Concurrent Workers: 3
 Concurrent Refinement Workers: 13
 Periodic GC: Disabled

Heap:
 garbage-first heap   total 207872K, used 162121K [0x0000000080000000, 0x0000000100000000)
  region size 1024K, 59 young (60416K), 9 survivors (9216K)
 Metaspace       used 84658K, committed 85568K, reserved 1179648K
  class space    used 11457K, committed 11904K, reserved 1048576K

Heap Regions: E=young(eden), S=young(survivor), O=old, HS=humongous(starts), HC=humongous(continues), CS=collection set, F=free, OA=open archive, CA=closed archive, TAMS=top-at-mark-start (previous, next)
|   0|0x0000000080000000, 0x0000000080100000, 0x0000000080100000|100%| O|  |TAMS 0x0000000080100000, 0x0000000080000000| Untracked 
|   1|0x0000000080100000, 0x0000000080200000, 0x0000000080200000|100%| O|  |TAMS 0x0000000080200000, 0x0000000080100000| Untracked 
|   2|0x0000000080200000, 0x00000000802d4800, 0x0000000080300000| 83%| O|  |TAMS 0x00000000802d4800, 0x0000000080200000| Untracked 
|   3|0x0000000080300000, 0x0000000080400000, 0x0000000080400000|100%|HS|  |TAMS 0x0000000080400000, 0x0000000080300000| Complete 
|   4|0x0000000080400000, 0x0000000080500000, 0x0000000080500000|100%|HC|  |TAMS 0x0000000080500000, 0x0000000080400000| Complete 
|   5|0x0000000080500000, 0x0000000080600000, 0x0000000080600000|100%|HC|  |TAMS 0x0000000080600000, 0x0000000080500000| Complete 
|   6|0x0000000080600000, 0x0000000080700000, 0x0000000080700000|100%| O|  |TAMS 0x0000000080700000, 0x0000000080600000| Untracked 
|   7|0x0000000080700000, 0x0000000080800000, 0x0000000080800000|100%| O|  |TAMS 0x0000000080800000, 0x0000000080700000| Untracked 
|   8|0x0000000080800000, 0x0000000080900000, 0x0000000080900000|100%| O|  |TAMS 0x0000000080900000, 0x0000000080800000| Untracked 
|   9|0x0000000080900000, 0x0000000080a00000, 0x0000000080a00000|100%| O|  |TAMS 0x0000000080a00000, 0x0000000080900000| Untracked 
|  10|0x0000000080a00000, 0x0000000080b00000, 0x0000000080b00000|100%| O|  |TAMS 0x0000000080b00000, 0x0000000080a00000| Untracked 
|  11|0x0000000080b00000, 0x0000000080c00000, 0x0000000080c00000|100%| O|  |TAMS 0x0000000080c00000, 0x0000000080b00000| Untracked 
|  12|0x0000000080c00000, 0x0000000080d00000, 0x0000000080d00000|100%| O|  |TAMS 0x0000000080d00000, 0x0000000080c00000| Untracked 
|  13|0x0000000080d00000, 0x0000000080e00000, 0x0000000080e00000|100%| O|  |TAMS 0x0000000080e00000, 0x0000000080d00000| Untracked 
|  14|0x0000000080e00000, 0x0000000080f00000, 0x0000000080f00000|100%| O|  |TAMS 0x0000000080f00000, 0x0000000080e00000| Untracked 
|  15|0x0000000080f00000, 0x0000000081000000, 0x0000000081000000|100%| O|  |TAMS 0x0000000081000000, 0x0000000080f00000| Untracked 
|  16|0x0000000081000000, 0x0000000081100000, 0x0000000081100000|100%| O|  |TAMS 0x0000000081100000, 0x0000000081000000| Untracked 
|  17|0x0000000081100000, 0x0000000081200000, 0x0000000081200000|100%| O|  |TAMS 0x0000000081200000, 0x0000000081100000| Untracked 
|  18|0x0000000081200000, 0x0000000081300000, 0x0000000081300000|100%| O|  |TAMS 0x0000000081300000, 0x0000000081200000| Untracked 
|  19|0x0000000081300000, 0x0000000081400000, 0x0000000081400000|100%| O|  |TAMS 0x0000000081400000, 0x0000000081300000| Untracked 
|  20|0x0000000081400000, 0x0000000081500000, 0x0000000081500000|100%| O|  |TAMS 0x0000000081500000, 0x0000000081400000| Untracked 
|  21|0x0000000081500000, 0x0000000081600000, 0x0000000081600000|100%| O|  |TAMS 0x0000000081600000, 0x0000000081500000| Untracked 
|  22|0x0000000081600000, 0x0000000081700000, 0x0000000081700000|100%| O|  |TAMS 0x0000000081700000, 0x0000000081600000| Untracked 
|  23|0x0000000081700000, 0x0000000081800000, 0x0000000081800000|100%| O|  |TAMS 0x0000000081800000, 0x0000000081700000| Untracked 
|  24|0x0000000081800000, 0x0000000081900000, 0x0000000081900000|100%| O|  |TAMS 0x0000000081900000, 0x0000000081800000| Untracked 
|  25|0x0000000081900000, 0x0000000081a00000, 0x0000000081a00000|100%| O|  |TAMS 0x0000000081a00000, 0x0000000081900000| Untracked 
|  26|0x0000000081a00000, 0x0000000081b00000, 0x0000000081b00000|100%| O|  |TAMS 0x0000000081b00000, 0x0000000081a00000| Untracked 
|  27|0x0000000081b00000, 0x0000000081c00000, 0x0000000081c00000|100%| O|  |TAMS 0x0000000081c00000, 0x0000000081b00000| Untracked 
|  28|0x0000000081c00000, 0x0000000081d00000, 0x0000000081d00000|100%| O|  |TAMS 0x0000000081d00000, 0x0000000081c00000| Untracked 
|  29|0x0000000081d00000, 0x0000000081e00000, 0x0000000081e00000|100%| O|  |TAMS 0x0000000081e00000, 0x0000000081d00000| Untracked 
|  30|0x0000000081e00000, 0x0000000081f00000, 0x0000000081f00000|100%| O|  |TAMS 0x0000000081f00000, 0x0000000081e00000| Untracked 
|  31|0x0000000081f00000, 0x0000000082000000, 0x0000000082000000|100%| O|  |TAMS 0x0000000082000000, 0x0000000081f00000| Untracked 
|  32|0x0000000082000000, 0x0000000082100000, 0x0000000082100000|100%| O|  |TAMS 0x0000000082100000, 0x0000000082000000| Untracked 
|  33|0x0000000082100000, 0x0000000082200000, 0x0000000082200000|100%| O|  |TAMS 0x0000000082200000, 0x0000000082100000| Untracked 
|  34|0x0000000082200000, 0x0000000082300000, 0x0000000082300000|100%| O|  |TAMS 0x0000000082300000, 0x0000000082200000| Untracked 
|  35|0x0000000082300000, 0x0000000082400000, 0x0000000082400000|100%| O|  |TAMS 0x0000000082400000, 0x0000000082300000| Untracked 
|  36|0x0000000082400000, 0x0000000082500000, 0x0000000082500000|100%| O|  |TAMS 0x0000000082400000, 0x0000000082400000| Untracked 
|  37|0x0000000082500000, 0x0000000082600000, 0x0000000082600000|100%| O|  |TAMS 0x0000000082600000, 0x0000000082500000| Untracked 
|  38|0x0000000082600000, 0x0000000082700000, 0x0000000082700000|100%| O|  |TAMS 0x0000000082700000, 0x0000000082600000| Untracked 
|  39|0x0000000082700000, 0x0000000082800000, 0x0000000082800000|100%|HS|  |TAMS 0x0000000082800000, 0x0000000082700000| Complete 
|  40|0x0000000082800000, 0x0000000082900000, 0x0000000082900000|100%| O|  |TAMS 0x0000000082900000, 0x0000000082800000| Untracked 
|  41|0x0000000082900000, 0x0000000082a00000, 0x0000000082a00000|100%|HS|  |TAMS 0x0000000082a00000, 0x0000000082900000| Complete 
|  42|0x0000000082a00000, 0x0000000082b00000, 0x0000000082b00000|100%| O|  |TAMS 0x0000000082b00000, 0x0000000082a00000| Untracked 
|  43|0x0000000082b00000, 0x0000000082c00000, 0x0000000082c00000|100%| O|  |TAMS 0x0000000082c00000, 0x0000000082b00000| Untracked 
|  44|0x0000000082c00000, 0x0000000082d00000, 0x0000000082d00000|100%| O|  |TAMS 0x0000000082d00000, 0x0000000082c00000| Untracked 
|  45|0x0000000082d00000, 0x0000000082e00000, 0x0000000082e00000|100%| O|  |TAMS 0x0000000082e00000, 0x0000000082d00000| Untracked 
|  46|0x0000000082e00000, 0x0000000082f00000, 0x0000000082f00000|100%| O|  |TAMS 0x0000000082f00000, 0x0000000082e00000| Untracked 
|  47|0x0000000082f00000, 0x0000000083000000, 0x0000000083000000|100%| O|  |TAMS 0x0000000083000000, 0x0000000082f00000| Untracked 
|  48|0x0000000083000000, 0x0000000083100000, 0x0000000083100000|100%| O|  |TAMS 0x0000000083100000, 0x0000000083000000| Untracked 
|  49|0x0000000083100000, 0x0000000083200000, 0x0000000083200000|100%| O|  |TAMS 0x0000000083200000, 0x0000000083100000| Untracked 
|  50|0x0000000083200000, 0x0000000083300000, 0x0000000083300000|100%| O|  |TAMS 0x0000000083300000, 0x0000000083200000| Untracked 
|  51|0x0000000083300000, 0x0000000083400000, 0x0000000083400000|100%| O|  |TAMS 0x0000000083400000, 0x0000000083300000| Untracked 
|  52|0x0000000083400000, 0x0000000083500000, 0x0000000083500000|100%| O|  |TAMS 0x0000000083500000, 0x0000000083400000| Untracked 
|  53|0x0000000083500000, 0x0000000083600000, 0x0000000083600000|100%| O|  |TAMS 0x0000000083600000, 0x0000000083500000| Untracked 
|  54|0x0000000083600000, 0x0000000083700000, 0x0000000083700000|100%|HS|  |TAMS 0x0000000083700000, 0x0000000083600000| Complete 
|  55|0x0000000083700000, 0x0000000083800000, 0x0000000083800000|100%|HS|  |TAMS 0x0000000083800000, 0x0000000083700000| Complete 
|  56|0x0000000083800000, 0x0000000083900000, 0x0000000083900000|100%|HC|  |TAMS 0x0000000083900000, 0x0000000083800000| Complete 
|  57|0x0000000083900000, 0x0000000083a00000, 0x0000000083a00000|100%|HS|  |TAMS 0x0000000083a00000, 0x0000000083900000| Complete 
|  58|0x0000000083a00000, 0x0000000083b00000, 0x0000000083b00000|100%|HC|  |TAMS 0x0000000083b00000, 0x0000000083a00000| Complete 
|  59|0x0000000083b00000, 0x0000000083c00000, 0x0000000083c00000|100%|HC|  |TAMS 0x0000000083c00000, 0x0000000083b00000| Complete 
|  60|0x0000000083c00000, 0x0000000083d00000, 0x0000000083d00000|100%|HC|  |TAMS 0x0000000083d00000, 0x0000000083c00000| Complete 
|  61|0x0000000083d00000, 0x0000000083e00000, 0x0000000083e00000|100%| O|  |TAMS 0x0000000083e00000, 0x0000000083d00000| Untracked 
|  62|0x0000000083e00000, 0x0000000083f00000, 0x0000000083f00000|100%| O|  |TAMS 0x0000000083f00000, 0x0000000083e00000| Untracked 
|  63|0x0000000083f00000, 0x0000000084000000, 0x0000000084000000|100%| O|  |TAMS 0x0000000084000000, 0x0000000083f00000| Untracked 
|  64|0x0000000084000000, 0x0000000084100000, 0x0000000084100000|100%|HS|  |TAMS 0x0000000084100000, 0x0000000084000000| Complete 
|  65|0x0000000084100000, 0x0000000084200000, 0x0000000084200000|100%|HC|  |TAMS 0x0000000084200000, 0x0000000084100000| Complete 
|  66|0x0000000084200000, 0x0000000084300000, 0x0000000084300000|100%| O|  |TAMS 0x0000000084300000, 0x0000000084200000| Untracked 
|  67|0x0000000084300000, 0x0000000084400000, 0x0000000084400000|100%| O|  |TAMS 0x0000000084400000, 0x0000000084300000| Untracked 
|  68|0x0000000084400000, 0x0000000084500000, 0x0000000084500000|100%| O|  |TAMS 0x0000000084500000, 0x0000000084400000| Untracked 
|  69|0x0000000084500000, 0x0000000084600000, 0x0000000084600000|100%| O|  |TAMS 0x0000000084600000, 0x0000000084500000| Untracked 
|  70|0x0000000084600000, 0x0000000084700000, 0x0000000084700000|100%| O|  |TAMS 0x0000000084700000, 0x0000000084600000| Untracked 
|  71|0x0000000084700000, 0x0000000084800000, 0x0000000084800000|100%| O|  |TAMS 0x0000000084800000, 0x0000000084700000| Untracked 
|  72|0x0000000084800000, 0x0000000084900000, 0x0000000084900000|100%| O|  |TAMS 0x0000000084900000, 0x0000000084800000| Untracked 
|  73|0x0000000084900000, 0x0000000084a00000, 0x0000000084a00000|100%| O|  |TAMS 0x0000000084a00000, 0x0000000084900000| Untracked 
|  74|0x0000000084a00000, 0x0000000084b00000, 0x0000000084b00000|100%| O|  |TAMS 0x0000000084b00000, 0x0000000084a00000| Untracked 
|  75|0x0000000084b00000, 0x0000000084c00000, 0x0000000084c00000|100%| O|  |TAMS 0x0000000084c00000, 0x0000000084b00000| Untracked 
|  76|0x0000000084c00000, 0x0000000084d00000, 0x0000000084d00000|100%| O|  |TAMS 0x0000000084d00000, 0x0000000084c00000| Untracked 
|  77|0x0000000084d00000, 0x0000000084e00000, 0x0000000084e00000|100%| O|  |TAMS 0x0000000084d00000, 0x0000000084d00000| Untracked 
|  78|0x0000000084e00000, 0x0000000084f00000, 0x0000000084f00000|100%| O|  |TAMS 0x0000000084f00000, 0x0000000084e00000| Untracked 
|  79|0x0000000084f00000, 0x0000000085000000, 0x0000000085000000|100%| O|  |TAMS 0x0000000085000000, 0x0000000084f00000| Untracked 
|  80|0x0000000085000000, 0x0000000085100000, 0x0000000085100000|100%| O|  |TAMS 0x0000000085100000, 0x0000000085000000| Untracked 
|  81|0x0000000085100000, 0x0000000085200000, 0x0000000085200000|100%| O|  |TAMS 0x0000000085200000, 0x0000000085100000| Untracked 
|  82|0x0000000085200000, 0x0000000085300000, 0x0000000085300000|100%| O|  |TAMS 0x0000000085300000, 0x0000000085200000| Untracked 
|  83|0x0000000085300000, 0x0000000085400000, 0x0000000085400000|100%| O|  |TAMS 0x0000000085309600, 0x0000000085300000| Untracked 
|  84|0x0000000085400000, 0x0000000085500000, 0x0000000085500000|100%| O|  |TAMS 0x0000000085400000, 0x0000000085400000| Untracked 
|  85|0x0000000085500000, 0x0000000085600000, 0x0000000085600000|100%| O|  |TAMS 0x0000000085500000, 0x0000000085500000| Untracked 
|  86|0x0000000085600000, 0x0000000085700000, 0x0000000085700000|100%| O|  |TAMS 0x0000000085600000, 0x0000000085600000| Untracked 
|  87|0x0000000085700000, 0x0000000085800000, 0x0000000085800000|100%| O|  |TAMS 0x0000000085700000, 0x0000000085700000| Untracked 
|  88|0x0000000085800000, 0x0000000085900000, 0x0000000085900000|100%| O|  |TAMS 0x0000000085800000, 0x0000000085800000| Untracked 
|  89|0x0000000085900000, 0x0000000085a00000, 0x0000000085a00000|100%| O|  |TAMS 0x0000000085900000, 0x0000000085900000| Untracked 
|  90|0x0000000085a00000, 0x0000000085b00000, 0x0000000085b00000|100%| O|  |TAMS 0x0000000085a00000, 0x0000000085a00000| Untracked 
|  91|0x0000000085b00000, 0x0000000085c00000, 0x0000000085c00000|100%| O|  |TAMS 0x0000000085b00000, 0x0000000085b00000| Untracked 
|  92|0x0000000085c00000, 0x0000000085d00000, 0x0000000085d00000|100%| O|  |TAMS 0x0000000085c00000, 0x0000000085c00000| Untracked 
|  93|0x0000000085d00000, 0x0000000085e00000, 0x0000000085e00000|100%| O|  |TAMS 0x0000000085d00000, 0x0000000085d00000| Untracked 
|  94|0x0000000085e00000, 0x0000000085f00000, 0x0000000085f00000|100%| O|  |TAMS 0x0000000085e00000, 0x0000000085e00000| Untracked 
|  95|0x0000000085f00000, 0x0000000086000000, 0x0000000086000000|100%| O|  |TAMS 0x0000000085f00000, 0x0000000085f00000| Untracked 
|  96|0x0000000086000000, 0x0000000086100000, 0x0000000086100000|100%| O|  |TAMS 0x0000000086000000, 0x0000000086000000| Untracked 
|  97|0x0000000086100000, 0x0000000086200000, 0x0000000086200000|100%| O|  |TAMS 0x0000000086100000, 0x0000000086100000| Untracked 
|  98|0x0000000086200000, 0x0000000086300000, 0x0000000086300000|100%| O|  |TAMS 0x0000000086200000, 0x0000000086200000| Untracked 
|  99|0x0000000086300000, 0x0000000086400000, 0x0000000086400000|100%| O|  |TAMS 0x0000000086300000, 0x0000000086300000| Untracked 
| 100|0x0000000086400000, 0x0000000086500000, 0x0000000086500000|100%| O|  |TAMS 0x0000000086400000, 0x0000000086400000| Untracked 
| 101|0x0000000086500000, 0x000000008657de00, 0x0000000086600000| 49%| O|  |TAMS 0x0000000086500000, 0x0000000086500000| Untracked 
| 102|0x0000000086600000, 0x0000000086600000, 0x0000000086700000|  0%| F|  |TAMS 0x0000000086600000, 0x0000000086600000| Untracked 
| 103|0x0000000086700000, 0x0000000086700000, 0x0000000086800000|  0%| F|  |TAMS 0x0000000086700000, 0x0000000086700000| Untracked 
| 104|0x0000000086800000, 0x0000000086800000, 0x0000000086900000|  0%| F|  |TAMS 0x0000000086800000, 0x0000000086800000| Untracked 
| 105|0x0000000086900000, 0x0000000086900000, 0x0000000086a00000|  0%| F|  |TAMS 0x0000000086900000, 0x0000000086900000| Untracked 
| 106|0x0000000086a00000, 0x0000000086a00000, 0x0000000086b00000|  0%| F|  |TAMS 0x0000000086a00000, 0x0000000086a00000| Untracked 
| 107|0x0000000086b00000, 0x0000000086b00000, 0x0000000086c00000|  0%| F|  |TAMS 0x0000000086b00000, 0x0000000086b00000| Untracked 
| 108|0x0000000086c00000, 0x0000000086c00000, 0x0000000086d00000|  0%| F|  |TAMS 0x0000000086c00000, 0x0000000086c00000| Untracked 
| 109|0x0000000086d00000, 0x0000000086d00000, 0x0000000086e00000|  0%| F|  |TAMS 0x0000000086d00000, 0x0000000086d00000| Untracked 
| 110|0x0000000086e00000, 0x0000000086e00000, 0x0000000086f00000|  0%| F|  |TAMS 0x0000000086e00000, 0x0000000086e00000| Untracked 
| 111|0x0000000086f00000, 0x0000000086f00000, 0x0000000087000000|  0%| F|  |TAMS 0x0000000086f00000, 0x0000000086f00000| Untracked 
| 112|0x0000000087000000, 0x0000000087000000, 0x0000000087100000|  0%| F|  |TAMS 0x0000000087000000, 0x0000000087000000| Untracked 
| 113|0x0000000087100000, 0x0000000087100000, 0x0000000087200000|  0%| F|  |TAMS 0x0000000087100000, 0x0000000087100000| Untracked 
| 114|0x0000000087200000, 0x0000000087200000, 0x0000000087300000|  0%| F|  |TAMS 0x0000000087200000, 0x0000000087200000| Untracked 
| 115|0x0000000087300000, 0x0000000087300000, 0x0000000087400000|  0%| F|  |TAMS 0x0000000087300000, 0x0000000087300000| Untracked 
| 116|0x0000000087400000, 0x0000000087400000, 0x0000000087500000|  0%| F|  |TAMS 0x0000000087400000, 0x0000000087400000| Untracked 
| 117|0x0000000087500000, 0x0000000087500000, 0x0000000087600000|  0%| F|  |TAMS 0x0000000087500000, 0x0000000087500000| Untracked 
| 118|0x0000000087600000, 0x0000000087600000, 0x0000000087700000|  0%| F|  |TAMS 0x0000000087600000, 0x0000000087600000| Untracked 
| 119|0x0000000087700000, 0x0000000087700000, 0x0000000087800000|  0%| F|  |TAMS 0x0000000087700000, 0x0000000087700000| Untracked 
| 120|0x0000000087800000, 0x0000000087800000, 0x0000000087900000|  0%| F|  |TAMS 0x0000000087800000, 0x0000000087800000| Untracked 
| 121|0x0000000087900000, 0x0000000087900000, 0x0000000087a00000|  0%| F|  |TAMS 0x0000000087900000, 0x0000000087900000| Untracked 
| 122|0x0000000087a00000, 0x0000000087a00000, 0x0000000087b00000|  0%| F|  |TAMS 0x0000000087a00000, 0x0000000087a00000| Untracked 
| 123|0x0000000087b00000, 0x0000000087b00000, 0x0000000087c00000|  0%| F|  |TAMS 0x0000000087b00000, 0x0000000087b00000| Untracked 
| 124|0x0000000087c00000, 0x0000000087c00000, 0x0000000087d00000|  0%| F|  |TAMS 0x0000000087c00000, 0x0000000087c00000| Untracked 
| 125|0x0000000087d00000, 0x0000000087d00000, 0x0000000087e00000|  0%| F|  |TAMS 0x0000000087d00000, 0x0000000087d00000| Untracked 
| 126|0x0000000087e00000, 0x0000000087e00000, 0x0000000087f00000|  0%| F|  |TAMS 0x0000000087e00000, 0x0000000087e00000| Untracked 
| 127|0x0000000087f00000, 0x0000000088000000, 0x0000000088000000|100%| S|CS|TAMS 0x0000000087f00000, 0x0000000087f00000| Complete 
| 128|0x0000000088000000, 0x0000000088100000, 0x0000000088100000|100%| S|CS|TAMS 0x0000000088000000, 0x0000000088000000| Complete 
| 129|0x0000000088100000, 0x0000000088200000, 0x0000000088200000|100%| S|CS|TAMS 0x0000000088100000, 0x0000000088100000| Complete 
| 130|0x0000000088200000, 0x0000000088300000, 0x0000000088300000|100%| S|CS|TAMS 0x0000000088200000, 0x0000000088200000| Complete 
| 131|0x0000000088300000, 0x0000000088400000, 0x0000000088400000|100%| S|CS|TAMS 0x0000000088300000, 0x0000000088300000| Complete 
| 132|0x0000000088400000, 0x0000000088500000, 0x0000000088500000|100%| S|CS|TAMS 0x0000000088400000, 0x0000000088400000| Complete 
| 133|0x0000000088500000, 0x0000000088500000, 0x0000000088600000|  0%| F|  |TAMS 0x0000000088500000, 0x0000000088500000| Untracked 
| 134|0x0000000088600000, 0x0000000088600000, 0x0000000088700000|  0%| F|  |TAMS 0x0000000088600000, 0x0000000088600000| Untracked 
| 135|0x0000000088700000, 0x0000000088700000, 0x0000000088800000|  0%| F|  |TAMS 0x0000000088700000, 0x0000000088700000| Untracked 
| 136|0x0000000088800000, 0x0000000088900000, 0x0000000088900000|100%| S|CS|TAMS 0x0000000088800000, 0x0000000088800000| Complete 
| 137|0x0000000088900000, 0x0000000088a00000, 0x0000000088a00000|100%| S|CS|TAMS 0x0000000088900000, 0x0000000088900000| Complete 
| 138|0x0000000088a00000, 0x0000000088b00000, 0x0000000088b00000|100%| S|CS|TAMS 0x0000000088a00000, 0x0000000088a00000| Complete 
| 139|0x0000000088b00000, 0x0000000088b00000, 0x0000000088c00000|  0%| F|  |TAMS 0x0000000088b00000, 0x0000000088b00000| Untracked 
| 140|0x0000000088c00000, 0x0000000088c00000, 0x0000000088d00000|  0%| F|  |TAMS 0x0000000088c00000, 0x0000000088c00000| Untracked 
| 141|0x0000000088d00000, 0x0000000088d00000, 0x0000000088e00000|  0%| F|  |TAMS 0x0000000088d00000, 0x0000000088d00000| Untracked 
| 142|0x0000000088e00000, 0x0000000088e00000, 0x0000000088f00000|  0%| F|  |TAMS 0x0000000088e00000, 0x0000000088e00000| Untracked 
| 143|0x0000000088f00000, 0x0000000088f00000, 0x0000000089000000|  0%| F|  |TAMS 0x0000000088f00000, 0x0000000088f00000| Untracked 
| 144|0x0000000089000000, 0x0000000089000000, 0x0000000089100000|  0%| F|  |TAMS 0x0000000089000000, 0x0000000089000000| Untracked 
| 145|0x0000000089100000, 0x0000000089100000, 0x0000000089200000|  0%| F|  |TAMS 0x0000000089100000, 0x0000000089100000| Untracked 
| 146|0x0000000089200000, 0x0000000089200000, 0x0000000089300000|  0%| F|  |TAMS 0x0000000089200000, 0x0000000089200000| Untracked 
| 147|0x0000000089300000, 0x0000000089300000, 0x0000000089400000|  0%| F|  |TAMS 0x0000000089300000, 0x0000000089300000| Untracked 
| 148|0x0000000089400000, 0x0000000089400000, 0x0000000089500000|  0%| F|  |TAMS 0x0000000089400000, 0x0000000089400000| Untracked 
| 149|0x0000000089500000, 0x0000000089500000, 0x0000000089600000|  0%| F|  |TAMS 0x0000000089500000, 0x0000000089500000| Untracked 
| 150|0x0000000089600000, 0x0000000089600000, 0x0000000089700000|  0%| F|  |TAMS 0x0000000089600000, 0x0000000089600000| Untracked 
| 151|0x0000000089700000, 0x000000008978ff98, 0x0000000089800000| 56%| E|  |TAMS 0x0000000089700000, 0x0000000089700000| Complete 
| 152|0x0000000089800000, 0x0000000089900000, 0x0000000089900000|100%| E|CS|TAMS 0x0000000089800000, 0x0000000089800000| Complete 
| 153|0x0000000089900000, 0x0000000089a00000, 0x0000000089a00000|100%| E|CS|TAMS 0x0000000089900000, 0x0000000089900000| Complete 
| 154|0x0000000089a00000, 0x0000000089b00000, 0x0000000089b00000|100%| E|CS|TAMS 0x0000000089a00000, 0x0000000089a00000| Complete 
| 155|0x0000000089b00000, 0x0000000089c00000, 0x0000000089c00000|100%| E|CS|TAMS 0x0000000089b00000, 0x0000000089b00000| Complete 
| 156|0x0000000089c00000, 0x0000000089d00000, 0x0000000089d00000|100%| E|CS|TAMS 0x0000000089c00000, 0x0000000089c00000| Complete 
| 157|0x0000000089d00000, 0x0000000089e00000, 0x0000000089e00000|100%| E|CS|TAMS 0x0000000089d00000, 0x0000000089d00000| Complete 
| 158|0x0000000089e00000, 0x0000000089f00000, 0x0000000089f00000|100%| E|CS|TAMS 0x0000000089e00000, 0x0000000089e00000| Complete 
| 159|0x0000000089f00000, 0x000000008a000000, 0x000000008a000000|100%| E|CS|TAMS 0x0000000089f00000, 0x0000000089f00000| Complete 
| 160|0x000000008a000000, 0x000000008a100000, 0x000000008a100000|100%| E|CS|TAMS 0x000000008a000000, 0x000000008a000000| Complete 
| 161|0x000000008a100000, 0x000000008a200000, 0x000000008a200000|100%| E|CS|TAMS 0x000000008a100000, 0x000000008a100000| Complete 
| 162|0x000000008a200000, 0x000000008a300000, 0x000000008a300000|100%| E|CS|TAMS 0x000000008a200000, 0x000000008a200000| Complete 
| 163|0x000000008a300000, 0x000000008a400000, 0x000000008a400000|100%| E|CS|TAMS 0x000000008a300000, 0x000000008a300000| Complete 
| 164|0x000000008a400000, 0x000000008a500000, 0x000000008a500000|100%| E|  |TAMS 0x000000008a400000, 0x000000008a400000| Complete 
| 165|0x000000008a500000, 0x000000008a600000, 0x000000008a600000|100%| E|CS|TAMS 0x000000008a500000, 0x000000008a500000| Complete 
| 166|0x000000008a600000, 0x000000008a700000, 0x000000008a700000|100%| E|CS|TAMS 0x000000008a600000, 0x000000008a600000| Complete 
| 167|0x000000008a700000, 0x000000008a800000, 0x000000008a800000|100%| E|CS|TAMS 0x000000008a700000, 0x000000008a700000| Complete 
| 168|0x000000008a800000, 0x000000008a900000, 0x000000008a900000|100%| E|CS|TAMS 0x000000008a800000, 0x000000008a800000| Complete 
| 169|0x000000008a900000, 0x000000008aa00000, 0x000000008aa00000|100%| E|CS|TAMS 0x000000008a900000, 0x000000008a900000| Complete 
| 170|0x000000008aa00000, 0x000000008ab00000, 0x000000008ab00000|100%| E|CS|TAMS 0x000000008aa00000, 0x000000008aa00000| Complete 
| 171|0x000000008ab00000, 0x000000008ac00000, 0x000000008ac00000|100%| E|CS|TAMS 0x000000008ab00000, 0x000000008ab00000| Complete 
| 172|0x000000008ac00000, 0x000000008ad00000, 0x000000008ad00000|100%| E|CS|TAMS 0x000000008ac00000, 0x000000008ac00000| Complete 
| 173|0x000000008ad00000, 0x000000008ae00000, 0x000000008ae00000|100%| E|CS|TAMS 0x000000008ad00000, 0x000000008ad00000| Complete 
| 174|0x000000008ae00000, 0x000000008af00000, 0x000000008af00000|100%| E|CS|TAMS 0x000000008ae00000, 0x000000008ae00000| Complete 
| 175|0x000000008af00000, 0x000000008b000000, 0x000000008b000000|100%| E|CS|TAMS 0x000000008af00000, 0x000000008af00000| Complete 
| 176|0x000000008b000000, 0x000000008b100000, 0x000000008b100000|100%| E|CS|TAMS 0x000000008b000000, 0x000000008b000000| Complete 
| 177|0x000000008b100000, 0x000000008b200000, 0x000000008b200000|100%| E|CS|TAMS 0x000000008b100000, 0x000000008b100000| Complete 
| 178|0x000000008b200000, 0x000000008b300000, 0x000000008b300000|100%| E|CS|TAMS 0x000000008b200000, 0x000000008b200000| Complete 
| 179|0x000000008b300000, 0x000000008b400000, 0x000000008b400000|100%| E|CS|TAMS 0x000000008b300000, 0x000000008b300000| Complete 
| 180|0x000000008b400000, 0x000000008b500000, 0x000000008b500000|100%| E|CS|TAMS 0x000000008b400000, 0x000000008b400000| Complete 
| 181|0x000000008b500000, 0x000000008b600000, 0x000000008b600000|100%| E|CS|TAMS 0x000000008b500000, 0x000000008b500000| Complete 
| 182|0x000000008b600000, 0x000000008b700000, 0x000000008b700000|100%| E|CS|TAMS 0x000000008b600000, 0x000000008b600000| Complete 
| 183|0x000000008b700000, 0x000000008b800000, 0x000000008b800000|100%| E|CS|TAMS 0x000000008b700000, 0x000000008b700000| Complete 
| 184|0x000000008b800000, 0x000000008b900000, 0x000000008b900000|100%| E|CS|TAMS 0x000000008b800000, 0x000000008b800000| Complete 
| 185|0x000000008b900000, 0x000000008ba00000, 0x000000008ba00000|100%| E|CS|TAMS 0x000000008b900000, 0x000000008b900000| Complete 
| 186|0x000000008ba00000, 0x000000008bb00000, 0x000000008bb00000|100%| E|CS|TAMS 0x000000008ba00000, 0x000000008ba00000| Complete 
| 187|0x000000008bb00000, 0x000000008bc00000, 0x000000008bc00000|100%| E|CS|TAMS 0x000000008bb00000, 0x000000008bb00000| Complete 
| 188|0x000000008bc00000, 0x000000008bd00000, 0x000000008bd00000|100%| E|CS|TAMS 0x000000008bc00000, 0x000000008bc00000| Complete 
| 189|0x000000008bd00000, 0x000000008be00000, 0x000000008be00000|100%| E|CS|TAMS 0x000000008bd00000, 0x000000008bd00000| Complete 
| 190|0x000000008be00000, 0x000000008bf00000, 0x000000008bf00000|100%| E|CS|TAMS 0x000000008be00000, 0x000000008be00000| Complete 
| 191|0x000000008bf00000, 0x000000008c000000, 0x000000008c000000|100%| E|CS|TAMS 0x000000008bf00000, 0x000000008bf00000| Complete 
| 192|0x000000008c000000, 0x000000008c100000, 0x000000008c100000|100%| E|CS|TAMS 0x000000008c000000, 0x000000008c000000| Complete 
| 193|0x000000008c100000, 0x000000008c200000, 0x000000008c200000|100%| E|CS|TAMS 0x000000008c100000, 0x000000008c100000| Complete 
| 194|0x000000008c200000, 0x000000008c300000, 0x000000008c300000|100%| E|CS|TAMS 0x000000008c200000, 0x000000008c200000| Complete 
| 195|0x000000008c300000, 0x000000008c400000, 0x000000008c400000|100%| E|CS|TAMS 0x000000008c300000, 0x000000008c300000| Complete 
| 196|0x000000008c400000, 0x000000008c500000, 0x000000008c500000|100%| E|CS|TAMS 0x000000008c400000, 0x000000008c400000| Complete 
| 197|0x000000008c500000, 0x000000008c600000, 0x000000008c600000|100%| E|CS|TAMS 0x000000008c500000, 0x000000008c500000| Complete 
| 198|0x000000008c600000, 0x000000008c700000, 0x000000008c700000|100%| E|CS|TAMS 0x000000008c600000, 0x000000008c600000| Complete 
| 199|0x000000008c700000, 0x000000008c800000, 0x000000008c800000|100%| E|CS|TAMS 0x000000008c700000, 0x000000008c700000| Complete 
| 200|0x000000008c800000, 0x000000008c900000, 0x000000008c900000|100%| E|CS|TAMS 0x000000008c800000, 0x000000008c800000| Complete 
| 201|0x000000008c900000, 0x000000008ca00000, 0x000000008ca00000|100%| E|CS|TAMS 0x000000008c900000, 0x000000008c900000| Complete 
| 253|0x000000008fd00000, 0x000000008fe00000, 0x000000008fe00000|100%| E|CS|TAMS 0x000000008fd00000, 0x000000008fd00000| Complete 

Card table byte_map: [0x0000027ade270000,0x0000027ade670000] _byte_map_base: 0x0000027adde70000

Marking Bits (Prev, Next): (CMBitMap*) 0x0000027ac6d7dd30, (CMBitMap*) 0x0000027ac6d7dcf0
 Prev Bits: [0x0000027ae0a70000, 0x0000027ae2a70000)
 Next Bits: [0x0000027adea70000, 0x0000027ae0a70000)

Polling page: 0x0000027ac4ba0000

Metaspace:

Usage:
  Non-class:     71.49 MB used.
      Class:     11.19 MB used.
       Both:     82.68 MB used.

Virtual space:
  Non-class space:      128.00 MB reserved,      71.94 MB ( 56%) committed,  2 nodes.
      Class space:        1.00 GB reserved,      11.62 MB (  1%) committed,  1 nodes.
             Both:        1.12 GB reserved,      83.56 MB (  7%) committed. 

Chunk freelists:
   Non-Class:  8.03 MB
       Class:  4.35 MB
        Both:  12.39 MB

MaxMetaspaceSize: unlimited
CompressedClassSpaceSize: 1.00 GB
Initial GC threshold: 21.00 MB
Current GC threshold: 108.06 MB
CDS: on
MetaspaceReclaimPolicy: balanced
 - commit_granule_bytes: 65536.
 - commit_granule_words: 8192.
 - virtual_space_node_default_size: 8388608.
 - enlarge_chunks_in_place: 1.
 - new_chunks_are_fully_committed: 0.
 - uncommit_free_chunks: 1.
 - use_allocation_guard: 0.
 - handle_deallocations: 1.


Internal statistics:

num_allocs_failed_limit: 9.
num_arena_births: 1122.
num_arena_deaths: 14.
num_vsnodes_births: 3.
num_vsnodes_deaths: 0.
num_space_committed: 1337.
num_space_uncommitted: 0.
num_chunks_returned_to_freelist: 42.
num_chunks_taken_from_freelist: 4866.
num_chunk_merges: 5.
num_chunk_splits: 3065.
num_chunks_enlarged: 1887.
num_inconsistent_stats: 0.

CodeHeap 'non-profiled nmethods': size=119168Kb used=8938Kb max_used=8938Kb free=110230Kb
 bounds [0x0000027ad6190000, 0x0000027ad6a50000, 0x0000027add5f0000]
CodeHeap 'profiled nmethods': size=119104Kb used=26063Kb max_used=26063Kb free=93040Kb
 bounds [0x0000027ace5f0000, 0x0000027acff70000, 0x0000027ad5a40000]
CodeHeap 'non-nmethods': size=7488Kb used=2402Kb max_used=4169Kb free=5085Kb
 bounds [0x0000027ad5a40000, 0x0000027ad5e60000, 0x0000027ad6190000]
 total_blobs=13643 nmethods=12722 adapters=831
 compilation: enabled
              stopped_count=0, restarted_count=0
 full_count=0

Compilation events (20 events):
Event: 156.333 Thread 0x0000027aed7f1b00 14723       4       com.google.common.collect.RegularImmutableMap$KeySet::size (8 bytes)
Event: 156.335 Thread 0x0000027ae5a7d850 14744   !   3       org.gradle.internal.work.DefaultWorkerLeaseService::withLocks (51 bytes)
Event: 156.337 Thread 0x0000027aed7efb20 14746       3       org.gradle.internal.operations.DefaultBuildOperationRunner::execute (23 bytes)
Event: 156.339 Thread 0x0000027ae5a7d850 nmethod 14744 0x0000027acff32990 code [0x0000027acff32c00, 0x0000027acff33588]
Event: 156.340 Thread 0x0000027aeab2b0a0 nmethod 14685 0x0000027ad6a35f10 code [0x0000027ad6a360c0, 0x0000027ad6a364b8]
Event: 156.340 Thread 0x0000027aed7efb20 nmethod 14746 0x0000027acff33990 code [0x0000027acff33b60, 0x0000027acff33fd8]
Event: 156.341 Thread 0x0000027aed7f1b00 nmethod 14723 0x0000027ad6a36890 code [0x0000027ad6a36a00, 0x0000027ad6a36a98]
Event: 156.341 Thread 0x0000027aed7f1b00 14745       4       sun.security.provider.ByteArrayAccess::i2bLittle (33 bytes)
Event: 156.342 Thread 0x0000027aeab2b0a0 14747       4       org.gradle.internal.operations.DefaultBuildOperationRunner$2::<init> (20 bytes)
Event: 156.347 Thread 0x0000027aed7efb20 14749       3       org.gradle.api.internal.artifacts.ivyservice.resolutionstrategy.DefaultCachePolicy$CachedArtifactResolutionControl::<init> (14 bytes)
Event: 156.349 Thread 0x0000027aed7efb20 nmethod 14749 0x0000027acff34190 code [0x0000027acff34320, 0x0000027acff34468]
Event: 156.369 Thread 0x0000027aeab2b0a0 nmethod 14747 0x0000027ad6a36b90 code [0x0000027ad6a36d00, 0x0000027ad6a36ff8]
Event: 156.370 Thread 0x0000027aeab2b0a0 14676       4       com.google.common.collect.ObjectArrays::checkElementNotNull (36 bytes)
Event: 156.377 Thread 0x0000027aeab2b0a0 nmethod 14676 0x0000027ad6a37090 code [0x0000027ad6a37200, 0x0000027ad6a37278]
Event: 156.377 Thread 0x0000027aeab2b0a0 14712       4       org.gradle.api.internal.artifacts.ModuleComponentSelectorSerializer::readVersionConstraint (91 bytes)
Event: 156.380 Thread 0x0000027aed7f1b00 nmethod 14745 0x0000027ad6a37390 code [0x0000027ad6a37500, 0x0000027ad6a37758]
Event: 156.381 Thread 0x0000027aed7f1b00 14748       4       org.gradle.internal.io.StreamByteBuffer::prepareRead (102 bytes)
Event: 156.429 Thread 0x0000027ae5a7d850 14750       3       java.lang.Boolean::parseBoolean (7 bytes)
Event: 156.441 Thread 0x0000027aed7efb20 14753       3       org.gradle.launcher.daemon.context.DefaultDaemonContext$Serializer::read (182 bytes)
Event: 156.441 Thread 0x0000027aed7f3ae0 14751       3       org.gradle.internal.serialize.InputStreamBackedDecoder::readBytes (11 bytes)

GC Heap History (20 events):
Event: 53.131 GC heap before
{Heap before GC invocations=32 (full 0):
 garbage-first heap   total 143360K, used 88458K [0x0000000080000000, 0x0000000100000000)
  region size 1024K, 7 young (7168K), 3 survivors (3072K)
 Metaspace       used 62613K, committed 63232K, reserved 1114112K
  class space    used 8274K, committed 8576K, reserved 1048576K
}
Event: 53.138 GC heap after
{Heap after GC invocations=33 (full 0):
 garbage-first heap   total 143360K, used 84855K [0x0000000080000000, 0x0000000100000000)
  region size 1024K, 1 young (1024K), 1 survivors (1024K)
 Metaspace       used 62613K, committed 63232K, reserved 1114112K
  class space    used 8274K, committed 8576K, reserved 1048576K
}
Event: 54.768 GC heap before
{Heap before GC invocations=33 (full 0):
 garbage-first heap   total 143360K, used 117623K [0x0000000080000000, 0x0000000100000000)
  region size 1024K, 33 young (33792K), 1 survivors (1024K)
 Metaspace       used 65636K, committed 66240K, reserved 1114112K
  class space    used 8669K, committed 8960K, reserved 1048576K
}
Event: 54.775 GC heap after
{Heap after GC invocations=34 (full 0):
 garbage-first heap   total 143360K, used 86424K [0x0000000080000000, 0x0000000100000000)
  region size 1024K, 3 young (3072K), 3 survivors (3072K)
 Metaspace       used 65636K, committed 66240K, reserved 1114112K
  class space    used 8669K, committed 8960K, reserved 1048576K
}
Event: 55.451 GC heap before
{Heap before GC invocations=35 (full 0):
 garbage-first heap   total 158720K, used 118168K [0x0000000080000000, 0x0000000100000000)
  region size 1024K, 34 young (34816K), 3 survivors (3072K)
 Metaspace       used 65927K, committed 66560K, reserved 1114112K
  class space    used 8716K, committed 8960K, reserved 1048576K
}
Event: 55.461 GC heap after
{Heap after GC invocations=36 (full 0):
 garbage-first heap   total 158720K, used 89055K [0x0000000080000000, 0x0000000100000000)
  region size 1024K, 5 young (5120K), 5 survivors (5120K)
 Metaspace       used 65927K, committed 66560K, reserved 1114112K
  class space    used 8716K, committed 8960K, reserved 1048576K
}
Event: 55.479 GC heap before
{Heap before GC invocations=36 (full 0):
 garbage-first heap   total 158720K, used 91103K [0x0000000080000000, 0x0000000100000000)
  region size 1024K, 7 young (7168K), 5 survivors (5120K)
 Metaspace       used 65927K, committed 66560K, reserved 1114112K
  class space    used 8716K, committed 8960K, reserved 1048576K
}
Event: 55.488 GC heap after
{Heap after GC invocations=37 (full 0):
 garbage-first heap   total 207872K, used 89495K [0x0000000080000000, 0x0000000100000000)
  region size 1024K, 1 young (1024K), 1 survivors (1024K)
 Metaspace       used 65927K, committed 66560K, reserved 1114112K
  class space    used 8716K, committed 8960K, reserved 1048576K
}
Event: 58.819 GC heap before
{Heap before GC invocations=37 (full 0):
 garbage-first heap   total 207872K, used 164247K [0x0000000080000000, 0x0000000100000000)
  region size 1024K, 74 young (75776K), 1 survivors (1024K)
 Metaspace       used 72156K, committed 72832K, reserved 1114112K
  class space    used 9755K, committed 10048K, reserved 1048576K
}
Event: 58.831 GC heap after
{Heap after GC invocations=38 (full 0):
 garbage-first heap   total 207872K, used 94088K [0x0000000080000000, 0x0000000100000000)
  region size 1024K, 6 young (6144K), 6 survivors (6144K)
 Metaspace       used 72156K, committed 72832K, reserved 1114112K
  class space    used 9755K, committed 10048K, reserved 1048576K
}
Event: 61.751 GC heap before
{Heap before GC invocations=38 (full 0):
 garbage-first heap   total 207872K, used 165768K [0x0000000080000000, 0x0000000100000000)
  region size 1024K, 76 young (77824K), 6 survivors (6144K)
 Metaspace       used 76820K, committed 77504K, reserved 1179648K
  class space    used 10474K, committed 10816K, reserved 1048576K
}
Event: 61.763 GC heap after
{Heap after GC invocations=39 (full 0):
 garbage-first heap   total 207872K, used 99244K [0x0000000080000000, 0x0000000100000000)
  region size 1024K, 6 young (6144K), 6 survivors (6144K)
 Metaspace       used 76820K, committed 77504K, reserved 1179648K
  class space    used 10474K, committed 10816K, reserved 1048576K
}
Event: 64.423 GC heap before
{Heap before GC invocations=39 (full 0):
 garbage-first heap   total 207872K, used 167852K [0x0000000080000000, 0x0000000100000000)
  region size 1024K, 73 young (74752K), 6 survivors (6144K)
 Metaspace       used 80896K, committed 81600K, reserved 1179648K
  class space    used 11042K, committed 11392K, reserved 1048576K
}
Event: 64.434 GC heap after
{Heap after GC invocations=40 (full 0):
 garbage-first heap   total 207872K, used 103839K [0x0000000080000000, 0x0000000100000000)
  region size 1024K, 10 young (10240K), 10 survivors (10240K)
 Metaspace       used 80896K, committed 81600K, reserved 1179648K
  class space    used 11042K, committed 11392K, reserved 1048576K
}
Event: 81.973 GC heap before
{Heap before GC invocations=40 (full 0):
 garbage-first heap   total 207872K, used 169375K [0x0000000080000000, 0x0000000100000000)
  region size 1024K, 74 young (75776K), 10 survivors (10240K)
 Metaspace       used 82977K, committed 83776K, reserved 1179648K
  class space    used 11311K, committed 11712K, reserved 1048576K
}
Event: 81.988 GC heap after
{Heap after GC invocations=41 (full 0):
 garbage-first heap   total 207872K, used 107539K [0x0000000080000000, 0x0000000100000000)
  region size 1024K, 9 young (9216K), 9 survivors (9216K)
 Metaspace       used 82977K, committed 83776K, reserved 1179648K
  class space    used 11311K, committed 11712K, reserved 1048576K
}
Event: 140.209 GC heap before
{Heap before GC invocations=41 (full 0):
 garbage-first heap   total 207872K, used 170003K [0x0000000080000000, 0x0000000100000000)
  region size 1024K, 71 young (72704K), 9 survivors (9216K)
 Metaspace       used 83582K, committed 84480K, reserved 1179648K
  class space    used 11357K, committed 11776K, reserved 1048576K
}
Event: 140.222 GC heap after
{Heap after GC invocations=42 (full 0):
 garbage-first heap   total 207872K, used 108341K [0x0000000080000000, 0x0000000100000000)
  region size 1024K, 5 young (5120K), 5 survivors (5120K)
 Metaspace       used 83582K, committed 84480K, reserved 1179648K
  class space    used 11357K, committed 11776K, reserved 1048576K
}
Event: 144.132 GC heap before
{Heap before GC invocations=42 (full 0):
 garbage-first heap   total 207872K, used 170805K [0x0000000080000000, 0x0000000100000000)
  region size 1024K, 67 young (68608K), 5 survivors (5120K)
 Metaspace       used 84291K, committed 85184K, reserved 1179648K
  class space    used 11424K, committed 11840K, reserved 1048576K
}
Event: 144.151 GC heap after
{Heap after GC invocations=43 (full 0):
 garbage-first heap   total 207872K, used 112969K [0x0000000080000000, 0x0000000100000000)
  region size 1024K, 9 young (9216K), 9 survivors (9216K)
 Metaspace       used 84291K, committed 85184K, reserved 1179648K
  class space    used 11424K, committed 11840K, reserved 1048576K
}

Deoptimization events (20 events):
Event: 144.669 Thread 0x0000027aeacfbf80 Uncommon trap: trap_request=0xffffffc6 fr.pc=0x0000027ad694cdc0 relative=0x0000000000000c20
Event: 144.669 Thread 0x0000027aeacfbf80 Uncommon trap: reason=bimorphic_or_optimized_type_check action=maybe_recompile pc=0x0000027ad694cdc0 method=java.util.Hashtable.put(Ljava/lang/Object;Ljava/lang/Object;)Ljava/lang/Object; @ 18 c2
Event: 144.669 Thread 0x0000027aeacfbf80 DEOPT PACKING pc=0x0000027ad694cdc0 sp=0x0000009e1affa7c0
Event: 144.669 Thread 0x0000027aeacfbf80 DEOPT UNPACKING pc=0x0000027ad5a95ba3 sp=0x0000009e1affa788 mode 2
Event: 144.670 Thread 0x0000027aeacfbf80 Uncommon trap: trap_request=0xffffffc6 fr.pc=0x0000027ad694cdc0 relative=0x0000000000000c20
Event: 144.670 Thread 0x0000027aeacfbf80 Uncommon trap: reason=bimorphic_or_optimized_type_check action=maybe_recompile pc=0x0000027ad694cdc0 method=java.util.Hashtable.put(Ljava/lang/Object;Ljava/lang/Object;)Ljava/lang/Object; @ 18 c2
Event: 144.670 Thread 0x0000027aeacfbf80 DEOPT PACKING pc=0x0000027ad694cdc0 sp=0x0000009e1affa7c0
Event: 144.670 Thread 0x0000027aeacfbf80 DEOPT UNPACKING pc=0x0000027ad5a95ba3 sp=0x0000009e1affa788 mode 2
Event: 144.671 Thread 0x0000027aeacfbf80 Uncommon trap: trap_request=0xffffffc6 fr.pc=0x0000027ad694cdc0 relative=0x0000000000000c20
Event: 144.671 Thread 0x0000027aeacfbf80 Uncommon trap: reason=bimorphic_or_optimized_type_check action=maybe_recompile pc=0x0000027ad694cdc0 method=java.util.Hashtable.put(Ljava/lang/Object;Ljava/lang/Object;)Ljava/lang/Object; @ 18 c2
Event: 144.671 Thread 0x0000027aeacfbf80 DEOPT PACKING pc=0x0000027ad694cdc0 sp=0x0000009e1affa7c0
Event: 144.671 Thread 0x0000027aeacfbf80 DEOPT UNPACKING pc=0x0000027ad5a95ba3 sp=0x0000009e1affa788 mode 2
Event: 154.346 Thread 0x0000027ae5a6b320 Uncommon trap: trap_request=0xffffff45 fr.pc=0x0000027ad643bc30 relative=0x00000000000008f0
Event: 154.346 Thread 0x0000027ae5a6b320 Uncommon trap: reason=unstable_if action=reinterpret pc=0x0000027ad643bc30 method=java.lang.Integer.stringSize(I)I @ 19 c2
Event: 154.346 Thread 0x0000027ae5a6b320 DEOPT PACKING pc=0x0000027ad643bc30 sp=0x0000009e1a2fec90
Event: 154.346 Thread 0x0000027ae5a6b320 DEOPT UNPACKING pc=0x0000027ad5a95ba3 sp=0x0000009e1a2feb90 mode 2
Event: 156.334 Thread 0x0000027aedb88590 Uncommon trap: trap_request=0xffffff45 fr.pc=0x0000027ad6a023fc relative=0x00000000000066fc
Event: 156.334 Thread 0x0000027aedb88590 Uncommon trap: reason=unstable_if action=reinterpret pc=0x0000027ad6a023fc method=org.gradle.internal.time.MonotonicClock.advance(J)J @ 25 c2
Event: 156.335 Thread 0x0000027aedb88590 DEOPT PACKING pc=0x0000027ad6a023fc sp=0x0000009e1d9fea10
Event: 156.335 Thread 0x0000027aedb88590 DEOPT UNPACKING pc=0x0000027ad5a95ba3 sp=0x0000009e1d9fe818 mode 2

Classes unloaded (20 events):
Event: 45.367 Thread 0x0000027ae5a4d2e0 Unloading class 0x0000027a81599000 '_BuildScript_'
Event: 45.367 Thread 0x0000027ae5a4d2e0 Unloading class 0x0000027a815963e8 '_BuildScript_$_run_closure1$_closure2'
Event: 45.367 Thread 0x0000027ae5a4d2e0 Unloading class 0x0000027a81596000 '_BuildScript_$_run_closure1'
Event: 45.367 Thread 0x0000027ae5a4d2e0 Unloading class 0x0000027a81595800 '_BuildScript_'
Event: 45.367 Thread 0x0000027ae5a4d2e0 Unloading class 0x0000027a815943e8 '_BuildScript_$_run_closure1$_closure2$_closure3$_closure4'
Event: 45.367 Thread 0x0000027ae5a4d2e0 Unloading class 0x0000027a81594000 '_BuildScript_$_run_closure1$_closure2$_closure3'
Event: 45.367 Thread 0x0000027ae5a4d2e0 Unloading class 0x0000027a81593918 '_BuildScript_$_run_closure1$_closure2'
Event: 45.367 Thread 0x0000027ae5a4d2e0 Unloading class 0x0000027a81593530 '_BuildScript_$_run_closure1'
Event: 45.367 Thread 0x0000027ae5a4d2e0 Unloading class 0x0000027a81593000 '_BuildScript_'
Event: 45.367 Thread 0x0000027ae5a4d2e0 Unloading class 0x0000027a81590fa0 '_BuildScript_$_run_closure1$_closure2$_closure4$_closure5'
Event: 45.367 Thread 0x0000027ae5a4d2e0 Unloading class 0x0000027a81590bb8 '_BuildScript_$_run_closure1$_closure2$_closure4'
Event: 45.367 Thread 0x0000027ae5a4d2e0 Unloading class 0x0000027a815907d0 '_BuildScript_$_run_closure1$_closure2$_closure3'
Event: 45.367 Thread 0x0000027ae5a4d2e0 Unloading class 0x0000027a815903e8 '_BuildScript_$_run_closure1$_closure2'
Event: 45.367 Thread 0x0000027ae5a4d2e0 Unloading class 0x0000027a81590000 '_BuildScript_$_run_closure1'
Event: 45.367 Thread 0x0000027ae5a4d2e0 Unloading class 0x0000027a8158b800 '_BuildScript_'
Event: 45.367 Thread 0x0000027ae5a4d2e0 Unloading class 0x0000027a81589000 '_BuildScript_$_run_closure1$_closure2$_closure3$_closure4'
Event: 45.367 Thread 0x0000027ae5a4d2e0 Unloading class 0x0000027a81583c00 '_BuildScript_$_run_closure1$_closure2$_closure3'
Event: 45.367 Thread 0x0000027ae5a4d2e0 Unloading class 0x0000027a81588918 '_BuildScript_$_run_closure1$_closure2'
Event: 45.367 Thread 0x0000027ae5a4d2e0 Unloading class 0x0000027a81588530 '_BuildScript_$_run_closure1'
Event: 45.367 Thread 0x0000027ae5a4d2e0 Unloading class 0x0000027a81588000 '_BuildScript_'

Classes redefined (0 events):
No events

Internal exceptions (20 events):
Event: 82.600 Thread 0x0000027aeacfbf80 Exception <a 'sun/nio/fs/WindowsException'{0x000000008b3a63e8}> (0x000000008b3a63e8) 
thrown [s\open\src\hotspot\share\prims\jni.cpp, line 516]
Event: 82.862 Thread 0x0000027aeacfbf80 Implicit null exception at 0x0000027ad68b5780 to 0x0000027ad68b5918
Event: 83.321 Thread 0x0000027aeacfbf80 Exception <a 'java/lang/ClassNotFoundException'{0x0000000089e73ec8}: org/gradle/util/GradleVersionBeanInfo> (0x0000000089e73ec8) 
thrown [s\open\src\hotspot\share\classfile\systemDictionary.cpp, line 256]
Event: 83.324 Thread 0x0000027aeacfbf80 Exception <a 'java/lang/ClassNotFoundException'{0x0000000089e7b5d8}: org/gradle/util/GradleVersionCustomizer> (0x0000000089e7b5d8) 
thrown [s\open\src\hotspot\share\classfile\systemDictionary.cpp, line 256]
Event: 83.338 Thread 0x0000027aeacfbf80 Exception <a 'java/lang/ClassNotFoundException'{0x0000000089d35cf8}: org/gradle/util/internal/DefaultGradleVersionBeanInfo> (0x0000000089d35cf8) 
thrown [s\open\src\hotspot\share\classfile\systemDictionary.cpp, line 256]
Event: 83.341 Thread 0x0000027aeacfbf80 Exception <a 'java/lang/ClassNotFoundException'{0x0000000089d3dc30}: org/gradle/util/internal/DefaultGradleVersionCustomizer> (0x0000000089d3dc30) 
thrown [s\open\src\hotspot\share\classfile\systemDictionary.cpp, line 256]
Event: 140.133 Thread 0x0000027aeacfbf80 Exception <a 'java/lang/NoSuchMethodError'{0x0000000088ea97d8}: static Lorg/gradle/tooling/internal/consumer/connection/InternalPhasedActionAdapter;.<clinit>()V> (0x0000000088ea97d8) 
thrown [s\open\src\hotspot\share\prims\jni.cpp, line 1112]
Event: 140.143 Thread 0x0000027aeacfbf80 Exception <a 'java/lang/NoSuchMethodError'{0x0000000088ecccb0}: static Lorg/gradle/tooling/internal/consumer/connection/InternalBuildActionAdapter;.<clinit>()V> (0x0000000088ecccb0) 
thrown [s\open\src\hotspot\share\prims\jni.cpp, line 1112]
Event: 140.223 Thread 0x0000027aeacfbf80 Exception <a 'java/lang/NoSuchMethodError'{0x000000008fd186c8}: static Lorg/gradle/tooling/internal/consumer/versioning/VersionDetails;.<clinit>()V> (0x000000008fd186c8) 
thrown [s\open\src\hotspot\share\prims\jni.cpp, line 1112]
Event: 140.224 Thread 0x0000027aeacfbf80 Exception <a 'java/lang/NoSuchMethodError'{0x000000008fd1b088}: static Lorg/gradle/tooling/internal/consumer/versioning/VersionDetails$R26VersionDetails;.<clinit>()V> (0x000000008fd1b088) 
thrown [s\open\src\hotspot\share\prims\jni.cpp, line 1112]
Event: 140.224 Thread 0x0000027aeacfbf80 Exception <a 'java/lang/NoSuchMethodError'{0x000000008fd1c600}: static Lorg/gradle/tooling/internal/consumer/versioning/VersionDetails$R28VersionDetails;.<clinit>()V> (0x000000008fd1c600) 
thrown [s\open\src\hotspot\share\prims\jni.cpp, line 1112]
Event: 140.224 Thread 0x0000027aeacfbf80 Exception <a 'java/lang/NoSuchMethodError'{0x000000008fd1db08}: static Lorg/gradle/tooling/internal/consumer/versioning/VersionDetails$R35VersionDetails;.<clinit>()V> (0x000000008fd1db08) 
thrown [s\open\src\hotspot\share\prims\jni.cpp, line 1112]
Event: 140.224 Thread 0x0000027aeacfbf80 Exception <a 'java/lang/NoSuchMethodError'{0x000000008fd1f1d8}: static Lorg/gradle/tooling/internal/consumer/versioning/VersionDetails$R44VersionDetails;.<clinit>()V> (0x000000008fd1f1d8) 
thrown [s\open\src\hotspot\share\prims\jni.cpp, line 1112]
Event: 140.224 Thread 0x0000027aeacfbf80 Exception <a 'java/lang/NoSuchMethodError'{0x000000008fd207e0}: static Lorg/gradle/tooling/internal/consumer/versioning/VersionDetails$R48VersionDetails;.<clinit>()V> (0x000000008fd207e0) 
thrown [s\open\src\hotspot\share\prims\jni.cpp, line 1112]
Event: 140.224 Thread 0x0000027aeacfbf80 Exception <a 'java/lang/NoSuchMethodError'{0x000000008fd219e0}: static Lorg/gradle/tooling/internal/consumer/versioning/VersionDetails$R51VersionDetails;.<clinit>()V> (0x000000008fd219e0) 
thrown [s\open\src\hotspot\share\prims\jni.cpp, line 1112]
Event: 140.228 Thread 0x0000027aeacfbf80 Exception <a 'java/lang/NoSuchMethodError'{0x000000008fd30c68}: static [Lorg/gradle/tooling/BuildAction;.<clinit>()V> (0x000000008fd30c68) 
thrown [s\open\src\hotspot\share\prims\jni.cpp, line 1112]
Event: 140.231 Thread 0x0000027aeacfbf80 Exception <a 'java/lang/NoSuchMethodError'{0x000000008fd3f7c8}: static Lorg/eclipse/buildship/core/internal/workspace/TellGradleToRunSynchronizationTasks;.<clinit>()V> (0x000000008fd3f7c8) 
thrown [s\open\src\hotspot\share\prims\jni.cpp, line 1112]
Event: 142.975 Thread 0x0000027aeacfbf80 Exception <a 'sun/nio/fs/WindowsException'{0x000000008aab2280}> (0x000000008aab2280) 
thrown [s\open\src\hotspot\share\prims\jni.cpp, line 516]
Event: 144.129 Thread 0x0000027aec1559e0 Implicit null exception at 0x0000027ad64f47dd to 0x0000027ad64f4878
Event: 144.130 Thread 0x0000027aec1559e0 Implicit null exception at 0x0000027ad62a1cbe to 0x0000027ad62a2428

VM Operations (20 events):
Event: 121.509 Executing VM operation: Cleanup done
Event: 140.209 Executing VM operation: G1CollectForAllocation
Event: 140.222 Executing VM operation: G1CollectForAllocation done
Event: 141.228 Executing VM operation: Cleanup
Event: 141.229 Executing VM operation: Cleanup done
Event: 142.242 Executing VM operation: Cleanup
Event: 142.242 Executing VM operation: Cleanup done
Event: 143.249 Executing VM operation: Cleanup
Event: 143.266 Executing VM operation: Cleanup done
Event: 144.132 Executing VM operation: G1CollectForAllocation
Event: 144.151 Executing VM operation: G1CollectForAllocation done
Event: 145.165 Executing VM operation: Cleanup
Event: 145.165 Executing VM operation: Cleanup done
Event: 146.179 Executing VM operation: Cleanup
Event: 146.179 Executing VM operation: Cleanup done
Event: 155.280 Executing VM operation: Cleanup
Event: 155.280 Executing VM operation: Cleanup done
Event: 156.238 Executing VM operation: ICBufferFull
Event: 156.238 Executing VM operation: ICBufferFull done
Event: 157.253 Executing VM operation: Cleanup

Events (20 events):
Event: 156.372 Thread 0x0000027aebe3ea60 Thread added: 0x0000027aebe3ea60
Event: 156.374 Thread 0x0000027aebe408c0 Thread added: 0x0000027aebe408c0
Event: 156.375 Thread 0x0000027aebe403b0 Thread added: 0x0000027aebe403b0
Event: 156.376 Thread 0x0000027aebe3f480 Thread added: 0x0000027aebe3f480
Event: 156.377 Thread 0x0000027aebe3f990 Thread added: 0x0000027aebe3f990
Event: 156.379 Thread 0x0000027aebe417f0 Thread added: 0x0000027aebe417f0
Event: 156.380 Thread 0x0000027aebe40dd0 Thread added: 0x0000027aebe40dd0
Event: 156.381 Thread 0x0000027aebe412e0 Thread added: 0x0000027aebe412e0
Event: 156.382 Thread 0x0000027af0927bc0 Thread added: 0x0000027af0927bc0
Event: 156.383 Thread 0x0000027af0926780 Thread added: 0x0000027af0926780
Event: 156.385 Thread 0x0000027af09280d0 Thread added: 0x0000027af09280d0
Event: 156.386 Thread 0x0000027af0929a20 Thread added: 0x0000027af0929a20
Event: 156.387 Thread 0x0000027af09285e0 Thread added: 0x0000027af09285e0
Event: 156.388 Thread 0x0000027af0926c90 Thread added: 0x0000027af0926c90
Event: 156.389 Thread 0x0000027af0928af0 Thread added: 0x0000027af0928af0
Event: 156.391 Thread 0x0000027af0929000 Thread added: 0x0000027af0929000
Event: 156.392 Thread 0x0000027af0929510 Thread added: 0x0000027af0929510
Event: 156.393 Thread 0x0000027af09271a0 Thread added: 0x0000027af09271a0
Event: 156.394 Thread 0x0000027af0926270 Thread added: 0x0000027af0926270
Event: 156.395 Thread 0x0000027af09276b0 Thread added: 0x0000027af09276b0


Dynamic libraries:
0x00007ff785670000 - 0x00007ff785680000 	C:\Program Files\Java\jdk-17\bin\java.exe
0x00007ffb8b280000 - 0x00007ffb8b4e7000 	C:\WINDOWS\SYSTEM32\ntdll.dll
0x00007ffb4fc80000 - 0x00007ffb4fca1000 	C:\Program Files\Avast Software\Avast\aswhook.dll
0x00007ffb8a590000 - 0x00007ffb8a659000 	C:\WINDOWS\System32\KERNEL32.DLL
0x00007ffb88000000 - 0x00007ffb883f7000 	C:\WINDOWS\System32\KERNELBASE.dll
0x00007ffb87cb0000 - 0x00007ffb87dfb000 	C:\WINDOWS\System32\ucrtbase.dll
0x00007ffb72e20000 - 0x00007ffb72e39000 	C:\Program Files\Java\jdk-17\bin\jli.dll
0x00007ffb4e730000 - 0x00007ffb4e74b000 	C:\Program Files\Java\jdk-17\bin\VCRUNTIME140.dll
0x00007ffb8a290000 - 0x00007ffb8a346000 	C:\WINDOWS\System32\ADVAPI32.dll
0x00007ffb8ab00000 - 0x00007ffb8aba9000 	C:\WINDOWS\System32\msvcrt.dll
0x00007ffb8a670000 - 0x00007ffb8a717000 	C:\WINDOWS\System32\sechost.dll
0x00007ffb8a800000 - 0x00007ffb8a918000 	C:\WINDOWS\System32\RPCRT4.dll
0x00007ffb89200000 - 0x00007ffb893c6000 	C:\WINDOWS\System32\USER32.dll
0x00007ffb88400000 - 0x00007ffb88427000 	C:\WINDOWS\System32\win32u.dll
0x00007ffb606c0000 - 0x00007ffb60952000 	C:\WINDOWS\WinSxS\amd64_microsoft.windows.common-controls_6595b64144ccf1df_6.0.26100.8457_none_3e0b2faee331e92d\COMCTL32.dll
0x00007ffb893e0000 - 0x00007ffb8940b000 	C:\WINDOWS\System32\GDI32.dll
0x00007ffb88e20000 - 0x00007ffb88f4c000 	C:\WINDOWS\System32\gdi32full.dll
0x00007ffb88f50000 - 0x00007ffb88ff3000 	C:\WINDOWS\System32\msvcp_win.dll
0x00007ffb81ad0000 - 0x00007ffb81adb000 	C:\WINDOWS\SYSTEM32\VERSION.dll
0x00007ffb8afc0000 - 0x00007ffb8aff2000 	C:\WINDOWS\System32\IMM32.DLL
0x00007ffb7cd20000 - 0x00007ffb7cd2c000 	C:\Program Files\Java\jdk-17\bin\vcruntime140_1.dll
0x00007ffb387a0000 - 0x00007ffb3882e000 	C:\Program Files\Java\jdk-17\bin\msvcp140.dll
0x00007ffaaf650000 - 0x00007ffab0231000 	C:\Program Files\Java\jdk-17\bin\server\jvm.dll
0x00007ffb89080000 - 0x00007ffb89088000 	C:\WINDOWS\System32\PSAPI.DLL
0x00007ffb75770000 - 0x00007ffb757a6000 	C:\WINDOWS\SYSTEM32\WINMM.dll
0x00007ffb73350000 - 0x00007ffb7335a000 	C:\WINDOWS\SYSTEM32\WSOCK32.dll
0x00007ffb8b050000 - 0x00007ffb8b0d0000 	C:\WINDOWS\System32\WS2_32.dll
0x00007ffb86a20000 - 0x00007ffb86a3b000 	C:\WINDOWS\SYSTEM32\kernel.appcore.dll
0x00007ffb757b0000 - 0x00007ffb757ba000 	C:\Program Files\Java\jdk-17\bin\jimage.dll
0x00007ffb85650000 - 0x00007ffb85892000 	C:\WINDOWS\SYSTEM32\DBGHELP.DLL
0x00007ffb8ac30000 - 0x00007ffb8afb3000 	C:\WINDOWS\System32\combase.dll
0x00007ffb8a1b0000 - 0x00007ffb8a289000 	C:\WINDOWS\System32\OLEAUT32.dll
0x00007ffb7f730000 - 0x00007ffb7f76b000 	C:\WINDOWS\SYSTEM32\dbgcore.DLL
0x00007ffb87e00000 - 0x00007ffb87ea8000 	C:\WINDOWS\System32\bcryptPrimitives.dll
0x00007ffb4e5e0000 - 0x00007ffb4e605000 	C:\Program Files\Java\jdk-17\bin\java.dll
0x00007ffb386c0000 - 0x00007ffb38797000 	C:\Program Files\Java\jdk-17\bin\jsvml.dll
0x00007ffb898d0000 - 0x00007ffb8a03e000 	C:\WINDOWS\System32\SHELL32.dll
0x00007ffb885b0000 - 0x00007ffb88e1c000 	C:\WINDOWS\System32\windows.storage.dll
0x00007ffb8a050000 - 0x00007ffb8a146000 	C:\WINDOWS\System32\SHCORE.dll
0x00007ffb89190000 - 0x00007ffb891f6000 	C:\WINDOWS\System32\shlwapi.dll
0x00007ffb87bd0000 - 0x00007ffb87bf9000 	C:\WINDOWS\SYSTEM32\profapi.dll
0x00007ffb4e660000 - 0x00007ffb4e679000 	C:\Program Files\Java\jdk-17\bin\net.dll
0x00007ffb815a0000 - 0x00007ffb816c9000 	C:\WINDOWS\SYSTEM32\WINHTTP.dll
0x00007ffb86fb0000 - 0x00007ffb8701c000 	C:\WINDOWS\system32\mswsock.dll
0x00007ffb386a0000 - 0x00007ffb386b6000 	C:\Program Files\Java\jdk-17\bin\nio.dll
0x00007ffb38680000 - 0x00007ffb38698000 	C:\Program Files\Java\jdk-17\bin\zip.dll
0x00007ffb68a20000 - 0x00007ffb68a30000 	C:\Program Files\Java\jdk-17\bin\verify.dll
0x00007ffb7e290000 - 0x00007ffb7e2b7000 	C:\Users\Maulana Bintang\.gradle\native\e1d6ef7f7dcc3fd88c89a11ec53ec762bb8ba0a96d01ffa2cd45eb1d1d8dd5c5\windows-amd64\native-platform.dll
0x00007ffb10e20000 - 0x00007ffb10f64000 	C:\Users\Maulana Bintang\.gradle\native\0d407fdbe67a94daf76414ababcb853783967236a71b16ec16e742cd7a986fd3\windows-amd64\native-platform-file-events.dll
0x00007ffb5dd60000 - 0x00007ffb5dd6a000 	C:\Program Files\Java\jdk-17\bin\management.dll
0x00007ffb522c0000 - 0x00007ffb522cb000 	C:\Program Files\Java\jdk-17\bin\management_ext.dll
0x00007ffb87300000 - 0x00007ffb8731b000 	C:\WINDOWS\SYSTEM32\CRYPTSP.dll
0x00007ffb86980000 - 0x00007ffb869b9000 	C:\WINDOWS\system32\rsaenh.dll
0x00007ffb87060000 - 0x00007ffb87093000 	C:\WINDOWS\SYSTEM32\USERENV.dll
0x00007ffb87ba0000 - 0x00007ffb87bca000 	C:\WINDOWS\SYSTEM32\bcrypt.dll
0x00007ffb87320000 - 0x00007ffb8732c000 	C:\WINDOWS\SYSTEM32\CRYPTBASE.dll
0x00007ffb86450000 - 0x00007ffb86482000 	C:\WINDOWS\SYSTEM32\IPHLPAPI.DLL
0x00007ffb8a660000 - 0x00007ffb8a66a000 	C:\WINDOWS\System32\NSI.dll
0x00007ffb80fd0000 - 0x00007ffb80fed000 	C:\WINDOWS\SYSTEM32\dhcpcsvc6.DLL
0x00007ffb80fa0000 - 0x00007ffb80fc5000 	C:\WINDOWS\SYSTEM32\dhcpcsvc.DLL
0x00007ffb864f0000 - 0x00007ffb86622000 	C:\WINDOWS\SYSTEM32\DNSAPI.dll
0x00007ffb50c80000 - 0x00007ffb50c8e000 	C:\Program Files\Java\jdk-17\bin\sunmscapi.dll
0x00007ffb88430000 - 0x00007ffb885a8000 	C:\WINDOWS\System32\CRYPT32.dll
0x00007ffb875d0000 - 0x00007ffb87600000 	C:\WINDOWS\SYSTEM32\ncrypt.dll
0x00007ffb87580000 - 0x00007ffb875bf000 	C:\WINDOWS\SYSTEM32\NTASN1.dll
0x00007ffb82570000 - 0x00007ffb82578000 	C:\WINDOWS\system32\wshunix.dll
0x00007ffb66c20000 - 0x00007ffb66c38000 	C:\WINDOWS\system32\napinsp.dll
0x00007ffb66c00000 - 0x00007ffb66c13000 	C:\WINDOWS\System32\winrnr.dll
0x00007ffb66bd0000 - 0x00007ffb66bf2000 	C:\WINDOWS\system32\nlansp_c.dll
0x00007ffb66bb0000 - 0x00007ffb66bc6000 	C:\WINDOWS\system32\wshbth.dll
0x00007ffb7e030000 - 0x00007ffb7e03b000 	C:\Windows\System32\rasadhlp.dll
0x00007ffb80b30000 - 0x00007ffb80bb6000 	C:\WINDOWS\System32\fwpuclnt.dll

dbghelp: loaded successfully - version: 4.0.5 - missing functions: none
symbol engine: initialized successfully - sym options: 0x614 - pdb path: .;C:\Program Files\Java\jdk-17\bin;C:\WINDOWS\SYSTEM32;C:\Program Files\Avast Software\Avast;C:\WINDOWS\WinSxS\amd64_microsoft.windows.common-controls_6595b64144ccf1df_6.0.26100.8457_none_3e0b2faee331e92d;C:\Program Files\Java\jdk-17\bin\server;C:\Users\Maulana Bintang\.gradle\native\e1d6ef7f7dcc3fd88c89a11ec53ec762bb8ba0a96d01ffa2cd45eb1d1d8dd5c5\windows-amd64;C:\Users\Maulana Bintang\.gradle\native\0d407fdbe67a94daf76414ababcb853783967236a71b16ec16e742cd7a986fd3\windows-amd64

VM Arguments:
jvm_args: --add-opens=java.base/java.util=ALL-UNNAMED --add-opens=java.base/java.lang=ALL-UNNAMED --add-opens=java.base/java.lang.invoke=ALL-UNNAMED --add-opens=java.base/java.util=ALL-UNNAMED --add-opens=java.prefs/java.util.prefs=ALL-UNNAMED --add-opens=java.prefs/java.util.prefs=ALL-UNNAMED --add-opens=java.base/java.nio.charset=ALL-UNNAMED --add-opens=java.base/java.net=ALL-UNNAMED --add-opens=java.base/java.util.concurrent.atomic=ALL-UNNAMED -Xmx2048m -Dfile.encoding=UTF-8 -Duser.country=US -Duser.language=en -Duser.variant 
java_command: org.gradle.launcher.daemon.bootstrap.GradleDaemon 7.4
java_class_path (initial): C:\Users\Maulana Bintang\.gradle\wrapper\dists\gradle-7.4-bin\c0gwcg53nkjbqw7r0h0umtfvt\gradle-7.4\lib\gradle-launcher-7.4.jar
Launcher Type: SUN_STANDARD

[Global flags]
     intx CICompilerCount                          = 12                                        {product} {ergonomic}
     uint ConcGCThreads                            = 3                                         {product} {ergonomic}
     uint G1ConcRefinementThreads                  = 13                                        {product} {ergonomic}
   size_t G1HeapRegionSize                         = 1048576                                   {product} {ergonomic}
    uintx GCDrainStackTargetSize                   = 64                                        {product} {ergonomic}
   size_t InitialHeapSize                          = 266338304                                 {product} {ergonomic}
   size_t MarkStackSize                            = 4194304                                   {product} {ergonomic}
   size_t MaxHeapSize                              = 2147483648                                {product} {command line}
   size_t MaxNewSize                               = 1287651328                                {product} {ergonomic}
   size_t MinHeapDeltaBytes                        = 1048576                                   {product} {ergonomic}
   size_t MinHeapSize                              = 8388608                                   {product} {ergonomic}
    uintx NonNMethodCodeHeapSize                   = 7602480                                {pd product} {ergonomic}
    uintx NonProfiledCodeHeapSize                  = 122027880                              {pd product} {ergonomic}
    uintx ProfiledCodeHeapSize                     = 122027880                              {pd product} {ergonomic}
    uintx ReservedCodeCacheSize                    = 251658240                              {pd product} {ergonomic}
     bool SegmentedCodeCache                       = true                                      {product} {ergonomic}
   size_t SoftMaxHeapSize                          = 2147483648                             {manageable} {ergonomic}
     bool UseCompressedClassPointers               = true                           {product lp64_product} {ergonomic}
     bool UseCompressedOops                        = true                           {product lp64_product} {ergonomic}
     bool UseG1GC                                  = true                                      {product} {ergonomic}
     bool UseLargePagesIndividualAllocation        = false                                  {pd product} {ergonomic}

Logging:
Log output configuration:
 #0: stdout all=warning uptime,level,tags
 #1: stderr all=off uptime,level,tags

Environment Variables:
CLASSPATH=C:\Program Files\Java\mysql-connector-java-8.0.27.jar;.;
PATH=C:\Program Files\Common Files\Oracle\Java\javapath;C:\Windows\system32;C:\Windows;C:\Windows\System32\Wbem;C:\Windows\System32\WindowsPowerShell\v1.0\;C:\Windows\System32\OpenSSH\;C:\Program Files (x86)\NVIDIA Corporation\PhysX\Common;C:\Program Files\Java\jdk-17\bin;C:\ProgramData\ComposerSetup\bin;C:\xampp\php;D:\PuTTY\;D:\Python;D:\Python\Scripts;D:/JetBrains/IntelliJ IDEA 2020.1/plugins/maven/lib/maven3\bin;F:\CHFI - COURSENET\Amazon\;C:\Program Files\WireGuard\;C:\Program Files\heroku\bin;C:\Program Files\NVIDIA Corporation\NVIDIA app\NvDLISR;D:\Android\Sdk\platform-tools;D:\Android-2025\jdk-17.0.14+7\bin;C:\Users\Maulana Bintang\.platformio\penv\Scripts;D:\MOBSF\wkhtmltopdf\bin;C:\Program Files\nodejs\;D:\Grafana\;C:\Users\Maulana Bintang\.cargo\bin;D:\laragon\bin\php\php-8.3.27-nts-Win32-vs16-x64;C:\Program Files\PuTTY\;C:\Program Files\Git\cmd;C:\WINDOWS\system32;C:\WINDOWS;C:\WINDOWS\System32\Wbem;C:\WINDOWS\System32\WindowsPowerShell\v1.0\;C:\WINDOWS\System32\OpenSSH\;D:\Python\Scripts\;D:\Python\;C:\Users\Maulana Bintang\AppData\Local\Yarn\config\global\node_modules\.bin;C:\Users\Maulana Bintang\AppData\Roaming\Composer\vendor\bin;C:\Users\Maulana Bintang\AppData\Roaming\npm;D:\laragon\bin;D:\laragon\bin\apache\httpd-2.4.54-win64-VS16\bin;D:\laragon\bin\composer;D:\laragon\bin\git\bin;D:\laragon\bin\git\cmd;D:\laragon\bin\git\mingw64\bin;D:\laragon\bin\git\usr\bin;D:\laragon\bin\laragon\utils;D:\laragon\bin\mysql\mysql-8.0.30-winx64\bin;D:\laragon\bin\nginx\nginx-1.22.0;D:\laragon\bin\ngrok;D:\laragon\bin\nodejs\node-v18;D:\laragon\bin\notepad++;D:\laragon\bin\php\php-8.3.27-nts-Win32-vs16-x64;D:\laragon\bin\postgresql\pgsql\bin;D:\laragon\bin\python\python-3.10;D:\laragon\bin\python\python-3.10\Scripts;D:\laragon\bin\redis\redis-x64-5.0.14.1;D:\laragon\bin\telnet;D:\laragon\usr\bin;C:\Users\Maulana Bintang\AppData\Local\Microsoft\WindowsApps;C:\Users\Maulana Bintang\AppData\Local\Programs\Microsoft VS Code\bin;D:\Python\Scripts;D:\Python;D:\Android\Sdk
USERNAME=Maulana Bintang
OS=Windows_NT
PROCESSOR_IDENTIFIER=Intel64 Family 6 Model 141 Stepping 1, GenuineIntel



---------------  S Y S T E M  ---------------

OS:
 Windows 11 , 64 bit Build 26100 (10.0.26100.8328)
OS uptime: 1 days 3:18 hours
Hyper-V role detected

CPU: total 16 (initial active 16) (8 cores per cpu, 2 threads per core) family 6 model 141 stepping 1 microcode 0x3e, cx8, cmov, fxsr, ht, mmx, 3dnowpref, sse, sse2, sse3, ssse3, sse4.1, sse4.2, popcnt, lzcnt, tsc, tscinvbit, avx, avx2, aes, erms, clmul, bmi1, bmi2, adx, avx512f, avx512dq, avx512cd, avx512bw, avx512vl, sha, fma, vzeroupper, avx512_vpopcntdq, avx512_vpclmulqdq, avx512_vaes, avx512_vnni, clflush, clflushopt, clwb, avx512_vbmi2, avx512_vbmi, hv

Memory: 4k page, system-wide physical 16167M (1184M free)
TotalPageFile size 36744M (AvailPageFile size 142M)
current process WorkingSet (physical memory assigned to process): 485M, peak: 505M
current process commit charge ("private bytes"): 547M, peak: 563M

vm_info: Java HotSpot(TM) 64-Bit Server VM (17.0.14+8-LTS-191) for windows-amd64 JRE (17.0.14+8-LTS-191), built on Dec  3 2024 11:07:59 by "mach5one" with MS VC++ 17.6 (VS2022)

END.
